2024-05-21T12:42:05.036Z,false,2024-05-21T12:41:58.470Z,2024-05-21T12:41:58.470Z,Good (0x00000000)
2024-05-21T12:43:04.149Z,false,2024-05-21T12:42:57.585Z,2024-05-21T12:42:57.585Z,Good (0x00000000)
2024-05-21T12:44:04.404Z,false,2024-05-21T12:43:57.835Z,2024-05-21T12:43:57.835Z,Good (0x00000000)
2024-05-21T12:45:04.250Z,false,2024-05-21T12:44:57.684Z,2024-05-21T12:44:57.684Z,Good (0x00000000)
2024-05-21T12:46:04.578Z,false,2024-05-21T12:45:58.010Z,2024-05-21T12:45:58.010Z,Good (0x00000000)
2024-05-21T12:47:04.551Z,false,2024-05-21T12:46:57.979Z,2024-05-21T12:46:57.979Z,Good (0x00000000)
2024-05-21T12:48:04.601Z,false,2024-05-21T12:47:58.028Z,2024-05-21T12:47:58.028Z,Good (0x00000000)
2024-05-21T12:49:04.759Z,false,2024-05-21T12:48:58.190Z,2024-05-21T12:48:58.190Z,Good (0x00000000)
2024-05-21T12:50:05.150Z,false,2024-05-21T12:49:58.590Z,2024-05-21T12:49:58.590Z,Good (0x00000000)
2024-05-21T12:51:04.713Z,false,2024-05-21T12:50:58.144Z,2024-05-21T12:50:58.144Z,Good (0x00000000)
2024-05-21T12:52:04.387Z,false,2024-05-21T12:51:57.814Z,2024-05-21T12:51:57.814Z,Good (0x00000000)
2024-05-21T12:53:04.294Z,false,2024-05-21T12:52:57.728Z,2024-05-21T12:52:57.728Z,Good (0x00000000)
2024-05-21T12:54:04.018Z,false,2024-05-21T12:53:57.449Z,2024-05-21T12:53:57.448Z,Good (0x00000000)
2024-05-21T12:54:54.369Z,false,2024-05-21T12:54:47.800Z,2024-05-21T12:54:47.800Z,Good (0x00000000)
2024-05-21T12:55:04.247Z,false,2024-05-21T12:54:57.676Z,2024-05-21T12:54:57.676Z,Good (0x00000000)
2024-05-21T12:56:04.216Z,false,2024-05-21T12:55:57.649Z,2024-05-21T12:55:57.649Z,Good (0x00000000)
2024-05-21T12:57:04.207Z,false,2024-05-21T12:56:57.647Z,2024-05-21T12:56:57.647Z,Good (0x00000000)
2024-05-21T12:58:04.079Z,false,2024-05-21T12:57:57.508Z,2024-05-21T12:57:57.508Z,Good (0x00000000)
2024-05-21T12:59:04.381Z,false,2024-05-21T12:58:57.812Z,2024-05-21T12:58:57.812Z,Good (0x00000000)
2024-05-21T13:00:05.520Z,false,2024-05-21T12:59:58.950Z,2024-05-21T12:59:58.950Z,Good (0x00000000)
2024-05-21T13:02:23.239Z,false,2024-05-21T13:02:16.667Z,2024-05-21T13:02:16.667Z,Good (0x00000000)
2024-05-21T13:03:04.708Z,false,2024-05-21T13:02:58.135Z,2024-05-21T13:02:58.135Z,Good (0x00000000)
2024-05-21T13:04:04.193Z,false,2024-05-21T13:03:57.618Z,2024-05-21T13:03:57.618Z,Good (0x00000000)
2024-05-21T13:05:04.735Z,false,2024-05-21T13:04:58.159Z,2024-05-21T13:04:58.159Z,Good (0x00000000)
2024-05-21T13:06:04.409Z,false,2024-05-21T13:05:57.835Z,2024-05-21T13:05:57.835Z,Good (0x00000000)
2024-05-21T13:07:04.439Z,false,2024-05-21T13:06:57.866Z,2024-05-21T13:06:57.866Z,Good (0x00000000)
2024-05-21T13:08:04.592Z,false,2024-05-21T13:07:58.016Z,2024-05-21T13:07:58.016Z,Good (0x00000000)
2024-05-21T13:09:04.125Z,false,2024-05-21T13:08:57.552Z,2024-05-21T13:08:57.552Z,Good (0x00000000)
2024-05-21T13:10:04.866Z,false,2024-05-21T13:09:58.295Z,2024-05-21T13:09:58.295Z,Good (0x00000000)
2024-05-21T13:11:04.490Z,false,2024-05-21T13:10:57.915Z,2024-05-21T13:10:57.915Z,Good (0x00000000)
2024-05-21T13:12:04.789Z,false,2024-05-21T13:11:58.215Z,2024-05-21T13:11:58.214Z,Good (0x00000000)
2024-05-21T13:13:05.101Z,false,2024-05-21T13:12:58.524Z,2024-05-21T13:12:58.524Z,Good (0x00000000)
2024-05-21T13:14:04.973Z,false,2024-05-21T13:13:58.396Z,2024-05-21T13:13:58.396Z,Good (0x00000000)
2024-05-21T13:15:04.904Z,false,2024-05-21T13:14:58.328Z,2024-05-21T13:14:58.328Z,Good (0x00000000)
2024-05-21T13:16:04.615Z,false,2024-05-21T13:15:58.038Z,2024-05-21T13:15:58.038Z,Good (0x00000000)
2024-05-21T13:17:04.419Z,false,2024-05-21T13:16:57.839Z,2024-05-21T13:16:57.838Z,Good (0x00000000)
2024-05-21T13:18:04.407Z,false,2024-05-21T13:17:57.830Z,2024-05-21T13:17:57.830Z,Good (0x00000000)
2024-05-21T13:19:04.450Z,false,2024-05-21T13:18:57.872Z,2024-05-21T13:18:57.872Z,Good (0x00000000)
2024-05-21T13:20:04.264Z,false,2024-05-21T13:19:57.686Z,2024-05-21T13:19:57.686Z,Good (0x00000000)
2024-05-21T13:21:04.090Z,false,2024-05-21T13:20:57.513Z,2024-05-21T13:20:57.513Z,Good (0x00000000)
2024-05-21T13:22:04.129Z,false,2024-05-21T13:21:57.549Z,2024-05-21T13:21:57.549Z,Good (0x00000000)
2024-05-21T13:23:04.029Z,false,2024-05-21T13:22:57.448Z,2024-05-21T13:22:57.448Z,Good (0x00000000)
2024-05-21T13:24:04.490Z,false,2024-05-21T13:23:57.911Z,2024-05-21T13:23:57.911Z,Good (0x00000000)
2024-05-21T13:25:04.275Z,false,2024-05-21T13:24:57.697Z,2024-05-21T13:24:57.697Z,Good (0x00000000)
2024-05-21T13:26:04.442Z,false,2024-05-21T13:25:57.863Z,2024-05-21T13:25:57.863Z,Good (0x00000000)
2024-05-21T13:27:04.200Z,false,2024-05-21T13:26:57.621Z,2024-05-21T13:26:57.621Z,Good (0x00000000)
2024-05-21T13:28:04.317Z,false,2024-05-21T13:27:57.735Z,2024-05-21T13:27:57.735Z,Good (0x00000000)
2024-05-21T13:29:04.237Z,false,2024-05-21T13:28:57.657Z,2024-05-21T13:28:57.657Z,Good (0x00000000)
2024-05-21T13:30:05.141Z,false,2024-05-21T13:29:58.561Z,2024-05-21T13:29:58.561Z,Good (0x00000000)
2024-05-21T13:31:03.712Z,false,2024-05-21T13:30:57.147Z,2024-05-21T13:30:57.147Z,Good (0x00000000)
2024-05-21T13:32:04.062Z,false,2024-05-21T13:31:57.481Z,2024-05-21T13:31:57.480Z,Good (0x00000000)
2024-05-21T13:33:04.346Z,false,2024-05-21T13:32:57.765Z,2024-05-21T13:32:57.765Z,Good (0x00000000)
2024-05-21T13:34:03.853Z,false,2024-05-21T13:33:57.270Z,2024-05-21T13:33:57.270Z,Good (0x00000000)
2024-05-21T13:35:03.877Z,false,2024-05-21T13:34:57.294Z,2024-05-21T13:34:57.294Z,Good (0x00000000)
2024-05-21T13:36:04.810Z,false,2024-05-21T13:35:58.227Z,2024-05-21T13:35:58.227Z,Good (0x00000000)
2024-05-21T13:37:04.384Z,false,2024-05-21T13:36:57.801Z,2024-05-21T13:36:57.801Z,Good (0x00000000)
2024-05-21T13:38:04.766Z,false,2024-05-21T13:37:58.182Z,2024-05-21T13:37:58.182Z,Good (0x00000000)
2024-05-21T13:39:04.175Z,false,2024-05-21T13:38:57.592Z,2024-05-21T13:38:57.592Z,Good (0x00000000)
2024-05-21T13:40:04.371Z,false,2024-05-21T13:39:57.788Z,2024-05-21T13:39:57.788Z,Good (0x00000000)
2024-05-21T13:41:04.594Z,false,2024-05-21T13:40:58.018Z,2024-05-21T13:40:58.018Z,Good (0x00000000)
2024-05-21T13:42:04.675Z,false,2024-05-21T13:41:58.091Z,2024-05-21T13:41:58.091Z,Good (0x00000000)
2024-05-21T13:43:04.428Z,false,2024-05-21T13:42:57.848Z,2024-05-21T13:42:57.848Z,Good (0x00000000)
2024-05-21T13:44:04.483Z,false,2024-05-21T13:43:57.897Z,2024-05-21T13:43:57.897Z,Good (0x00000000)
2024-05-21T13:45:04.029Z,false,2024-05-21T13:44:57.450Z,2024-05-21T13:44:57.450Z,Good (0x00000000)
2024-05-21T13:46:04.355Z,false,2024-05-21T13:45:57.770Z,2024-05-21T13:45:57.770Z,Good (0x00000000)
2024-05-21T13:47:04.203Z,false,2024-05-21T13:46:57.618Z,2024-05-21T13:46:57.618Z,Good (0x00000000)
2024-05-21T13:48:04.123Z,false,2024-05-21T13:47:57.537Z,2024-05-21T13:47:57.537Z,Good (0x00000000)
2024-05-21T13:49:04.004Z,false,2024-05-21T13:48:57.424Z,2024-05-21T13:48:57.424Z,Good (0x00000000)
2024-05-21T13:50:04.166Z,false,2024-05-21T13:49:57.581Z,2024-05-21T13:49:57.580Z,Good (0x00000000)
2024-05-21T13:51:03.996Z,false,2024-05-21T13:50:57.408Z,2024-05-21T13:50:57.408Z,Good (0x00000000)
2024-05-21T13:52:04.370Z,false,2024-05-21T13:51:57.796Z,2024-05-21T13:51:57.796Z,Good (0x00000000)
2024-05-21T13:53:04.381Z,false,2024-05-21T13:52:57.792Z,2024-05-21T13:52:57.792Z,Good (0x00000000)
2024-05-21T13:54:04.312Z,false,2024-05-21T13:53:57.725Z,2024-05-21T13:53:57.725Z,Good (0x00000000)
2024-05-21T13:55:04.783Z,false,2024-05-21T13:54:58.204Z,2024-05-21T13:54:58.204Z,Good (0x00000000)
2024-05-21T13:56:04.091Z,false,2024-05-21T13:55:57.518Z,2024-05-21T13:55:57.518Z,Good (0x00000000)
2024-05-21T13:57:04.532Z,false,2024-05-21T13:56:57.953Z,2024-05-21T13:56:57.953Z,Good (0x00000000)
2024-05-21T13:58:04.366Z,false,2024-05-21T13:57:57.783Z,2024-05-21T13:57:57.783Z,Good (0x00000000)
2024-05-21T13:59:05.109Z,false,2024-05-21T13:58:58.520Z,2024-05-21T13:58:58.520Z,Good (0x00000000)
2024-05-21T14:00:05.550Z,false,2024-05-21T13:59:58.965Z,2024-05-21T13:59:58.965Z,Good (0x00000000)
2024-05-21T14:01:04.731Z,false,2024-05-21T14:00:58.144Z,2024-05-21T14:00:58.144Z,Good (0x00000000)
2024-05-21T14:02:03.910Z,false,2024-05-21T14:01:57.321Z,2024-05-21T14:01:57.321Z,Good (0x00000000)
2024-05-21T14:03:04.337Z,false,2024-05-21T14:02:57.747Z,2024-05-21T14:02:57.747Z,Good (0x00000000)
2024-05-21T14:04:04.888Z,false,2024-05-21T14:03:58.300Z,2024-05-21T14:03:58.300Z,Good (0x00000000)
2024-05-21T14:05:04.589Z,false,2024-05-21T14:04:57.999Z,2024-05-21T14:04:57.999Z,Good (0x00000000)
2024-05-21T14:06:04.949Z,false,2024-05-21T14:05:58.357Z,2024-05-21T14:05:58.357Z,Good (0x00000000)
2024-05-21T14:07:04.217Z,false,2024-05-21T14:06:57.627Z,2024-05-21T14:06:57.627Z,Good (0x00000000)
2024-05-21T14:08:04.329Z,false,2024-05-21T14:07:57.736Z,2024-05-21T14:07:57.736Z,Good (0x00000000)
2024-05-21T14:09:04.396Z,false,2024-05-21T14:08:57.807Z,2024-05-21T14:08:57.807Z,Good (0x00000000)
2024-05-21T14:10:04.512Z,false,2024-05-21T14:09:57.925Z,2024-05-21T14:09:57.925Z,Good (0x00000000)
2024-05-21T14:11:04.525Z,false,2024-05-21T14:10:57.933Z,2024-05-21T14:10:57.933Z,Good (0x00000000)
2024-05-21T14:12:04.132Z,false,2024-05-21T14:11:57.543Z,2024-05-21T14:11:57.543Z,Good (0x00000000)
2024-05-21T14:13:04.973Z,false,2024-05-21T14:12:58.382Z,2024-05-21T14:12:58.381Z,Good (0x00000000)
2024-05-21T14:14:04.307Z,false,2024-05-21T14:13:57.714Z,2024-05-21T14:13:57.714Z,Good (0x00000000)
2024-05-21T14:15:04.347Z,false,2024-05-21T14:14:57.753Z,2024-05-21T14:14:57.753Z,Good (0x00000000)
2024-05-21T14:16:04.332Z,false,2024-05-21T14:15:57.738Z,2024-05-21T14:15:57.738Z,Good (0x00000000)
2024-05-21T14:17:04.802Z,false,2024-05-21T14:16:58.209Z,2024-05-21T14:16:58.209Z,Good (0x00000000)
2024-05-21T14:18:04.793Z,false,2024-05-21T14:17:58.199Z,2024-05-21T14:17:58.199Z,Good (0x00000000)
2024-05-21T14:19:04.190Z,false,2024-05-21T14:18:57.595Z,2024-05-21T14:18:57.595Z,Good (0x00000000)
2024-05-21T14:20:04.386Z,false,2024-05-21T14:19:57.796Z,2024-05-21T14:19:57.796Z,Good (0x00000000)
2024-05-21T14:21:04.198Z,false,2024-05-21T14:20:57.603Z,2024-05-21T14:20:57.603Z,Good (0x00000000)
2024-05-21T14:22:04.596Z,false,2024-05-21T14:21:58.001Z,2024-05-21T14:21:58.001Z,Good (0x00000000)
2024-05-21T14:23:04.167Z,false,2024-05-21T14:22:57.574Z,2024-05-21T14:22:57.574Z,Good (0x00000000)
2024-05-21T14:24:04.439Z,false,2024-05-21T14:23:57.848Z,2024-05-21T14:23:57.848Z,Good (0x00000000)
2024-05-21T14:25:04.657Z,false,2024-05-21T14:24:58.065Z,2024-05-21T14:24:58.065Z,Good (0x00000000)
2024-05-21T14:26:04.674Z,false,2024-05-21T14:25:58.079Z,2024-05-21T14:25:58.079Z,Good (0x00000000)
2024-05-21T14:27:03.646Z,false,2024-05-21T14:26:57.051Z,2024-05-21T14:26:57.051Z,Good (0x00000000)
2024-05-21T14:28:04.591Z,false,2024-05-21T14:27:58.003Z,2024-05-21T14:27:58.003Z,Good (0x00000000)
2024-05-21T14:29:04.300Z,false,2024-05-21T14:28:57.705Z,2024-05-21T14:28:57.705Z,Good (0x00000000)
2024-05-21T14:30:05.141Z,false,2024-05-21T14:29:58.551Z,2024-05-21T14:29:58.551Z,Good (0x00000000)
2024-05-21T14:31:04.636Z,false,2024-05-21T14:30:58.038Z,2024-05-21T14:30:58.038Z,Good (0x00000000)
2024-05-21T14:32:04.425Z,false,2024-05-21T14:31:57.828Z,2024-05-21T14:31:57.828Z,Good (0x00000000)
2024-05-21T14:33:04.223Z,false,2024-05-21T14:32:57.626Z,2024-05-21T14:32:57.626Z,Good (0x00000000)
2024-05-21T14:34:04.654Z,false,2024-05-21T14:33:58.058Z,2024-05-21T14:33:58.058Z,Good (0x00000000)
2024-05-21T14:35:04.721Z,false,2024-05-21T14:34:58.126Z,2024-05-21T14:34:58.126Z,Good (0x00000000)
2024-05-21T14:36:04.252Z,false,2024-05-21T14:35:57.660Z,2024-05-21T14:35:57.660Z,Good (0x00000000)
2024-05-21T14:37:04.813Z,false,2024-05-21T14:36:58.214Z,2024-05-21T14:36:58.214Z,Good (0x00000000)
2024-05-21T14:38:04.676Z,false,2024-05-21T14:37:58.077Z,2024-05-21T14:37:58.077Z,Good (0x00000000)
2024-05-21T14:39:05.002Z,false,2024-05-21T14:38:58.405Z,2024-05-21T14:38:58.405Z,Good (0x00000000)
2024-05-21T14:40:04.174Z,false,2024-05-21T14:39:57.581Z,2024-05-21T14:39:57.581Z,Good (0x00000000)
2024-05-21T14:41:04.709Z,false,2024-05-21T14:40:58.108Z,2024-05-21T14:40:58.108Z,Good (0x00000000)
2024-05-21T14:42:04.703Z,false,2024-05-21T14:41:58.109Z,2024-05-21T14:41:58.108Z,Good (0x00000000)
2024-05-21T14:43:04.527Z,false,2024-05-21T14:42:57.929Z,2024-05-21T14:42:57.929Z,Good (0x00000000)
2024-05-21T14:44:03.954Z,false,2024-05-21T14:43:57.353Z,2024-05-21T14:43:57.353Z,Good (0x00000000)
2024-05-21T14:45:04.216Z,false,2024-05-21T14:44:57.618Z,2024-05-21T14:44:57.618Z,Good (0x00000000)
2024-05-21T14:46:04.416Z,false,2024-05-21T14:45:57.824Z,2024-05-21T14:45:57.824Z,Good (0x00000000)
2024-05-21T14:47:04.609Z,false,2024-05-21T14:46:58.011Z,2024-05-21T14:46:58.010Z,Good (0x00000000)
2024-05-21T14:48:04.828Z,false,2024-05-21T14:47:58.228Z,2024-05-21T14:47:58.228Z,Good (0x00000000)
2024-05-21T14:49:03.640Z,false,2024-05-21T14:48:57.045Z,2024-05-21T14:48:57.045Z,Good (0x00000000)
2024-05-21T14:50:04.670Z,false,2024-05-21T14:49:58.069Z,2024-05-21T14:49:58.069Z,Good (0x00000000)
2024-05-21T14:51:04.574Z,false,2024-05-21T14:50:57.972Z,2024-05-21T14:50:57.972Z,Good (0x00000000)
2024-05-21T14:52:04.866Z,false,2024-05-21T14:51:58.263Z,2024-05-21T14:51:58.263Z,Good (0x00000000)
2024-05-21T14:53:04.700Z,false,2024-05-21T14:52:58.097Z,2024-05-21T14:52:58.097Z,Good (0x00000000)
2024-05-21T14:54:04.688Z,false,2024-05-21T14:53:58.086Z,2024-05-21T14:53:58.085Z,Good (0x00000000)
2024-05-21T14:55:04.269Z,false,2024-05-21T14:54:57.666Z,2024-05-21T14:54:57.666Z,Good (0x00000000)
2024-05-21T14:56:04.330Z,false,2024-05-21T14:55:57.731Z,2024-05-21T14:55:57.731Z,Good (0x00000000)
2024-05-21T14:57:03.967Z,false,2024-05-21T14:56:57.363Z,2024-05-21T14:56:57.363Z,Good (0x00000000)
2024-05-21T14:58:04.281Z,false,2024-05-21T14:57:57.676Z,2024-05-21T14:57:57.676Z,Good (0x00000000)
2024-05-21T14:59:04.205Z,false,2024-05-21T14:58:57.601Z,2024-05-21T14:58:57.601Z,Good (0x00000000)
2024-05-21T15:00:06.333Z,false,2024-05-21T14:59:59.730Z,2024-05-21T14:59:59.730Z,Good (0x00000000)
2024-05-21T15:01:05.197Z,false,2024-05-21T15:00:58.611Z,2024-05-21T15:00:58.611Z,Good (0x00000000)
2024-05-21T15:02:04.243Z,false,2024-05-21T15:01:57.643Z,2024-05-21T15:01:57.643Z,Good (0x00000000)
2024-05-21T15:03:04.843Z,false,2024-05-21T15:02:58.240Z,2024-05-21T15:02:58.240Z,Good (0x00000000)
2024-05-21T15:04:04.586Z,false,2024-05-21T15:03:57.983Z,2024-05-21T15:03:57.983Z,Good (0x00000000)
2024-05-21T15:05:04.149Z,false,2024-05-21T15:04:57.543Z,2024-05-21T15:04:57.543Z,Good (0x00000000)
2024-05-21T15:06:04.510Z,false,2024-05-21T15:05:57.904Z,2024-05-21T15:05:57.904Z,Good (0x00000000)
2024-05-21T15:07:04.463Z,false,2024-05-21T15:06:57.860Z,2024-05-21T15:06:57.860Z,Good (0x00000000)
2024-05-21T15:08:04.310Z,false,2024-05-21T15:07:57.708Z,2024-05-21T15:07:57.708Z,Good (0x00000000)
2024-05-21T15:09:03.868Z,false,2024-05-21T15:08:57.274Z,2024-05-21T15:08:57.274Z,Good (0x00000000)
2024-05-21T15:10:04.279Z,false,2024-05-21T15:09:57.675Z,2024-05-21T15:09:57.675Z,Good (0x00000000)
2024-05-21T15:11:03.719Z,false,2024-05-21T15:10:57.119Z,2024-05-21T15:10:57.119Z,Good (0x00000000)
2024-05-21T15:12:04.703Z,false,2024-05-21T15:11:58.096Z,2024-05-21T15:11:58.096Z,Good (0x00000000)
2024-05-21T15:13:04.096Z,false,2024-05-21T15:12:57.488Z,2024-05-21T15:12:57.488Z,Good (0x00000000)
2024-05-21T15:14:03.947Z,false,2024-05-21T15:13:57.339Z,2024-05-21T15:13:57.339Z,Good (0x00000000)
2024-05-21T15:15:04.102Z,false,2024-05-21T15:14:57.494Z,2024-05-21T15:14:57.494Z,Good (0x00000000)
2024-05-21T15:16:04.372Z,false,2024-05-21T15:15:57.776Z,2024-05-21T15:15:57.776Z,Good (0x00000000)
2024-05-21T15:17:04.807Z,false,2024-05-21T15:16:58.199Z,2024-05-21T15:16:58.199Z,Good (0x00000000)
2024-05-21T15:18:04.395Z,false,2024-05-21T15:17:57.787Z,2024-05-21T15:17:57.786Z,Good (0x00000000)
2024-05-21T15:19:04.727Z,false,2024-05-21T15:18:58.119Z,2024-05-21T15:18:58.119Z,Good (0x00000000)
2024-05-21T15:20:04.358Z,false,2024-05-21T15:19:57.749Z,2024-05-21T15:19:57.749Z,Good (0x00000000)
2024-05-21T15:21:04.493Z,false,2024-05-21T15:20:57.884Z,2024-05-21T15:20:57.884Z,Good (0x00000000)
2024-05-21T15:22:04.165Z,false,2024-05-21T15:21:57.559Z,2024-05-21T15:21:57.559Z,Good (0x00000000)
2024-05-21T15:23:04.015Z,false,2024-05-21T15:22:57.406Z,2024-05-21T15:22:57.406Z,Good (0x00000000)
2024-05-21T15:24:04.115Z,false,2024-05-21T15:23:57.524Z,2024-05-21T15:23:57.524Z,Good (0x00000000)
2024-05-21T15:25:04.519Z,false,2024-05-21T15:24:57.911Z,2024-05-21T15:24:57.911Z,Good (0x00000000)
2024-05-21T15:26:04.972Z,false,2024-05-21T15:25:58.363Z,2024-05-21T15:25:58.363Z,Good (0x00000000)
2024-05-21T15:27:04.045Z,false,2024-05-21T15:26:57.434Z,2024-05-21T15:26:57.433Z,Good (0x00000000)
2024-05-21T15:28:04.482Z,false,2024-05-21T15:27:57.878Z,2024-05-21T15:27:57.878Z,Good (0x00000000)
2024-05-21T15:29:04.540Z,false,2024-05-21T15:28:57.929Z,2024-05-21T15:28:57.929Z,Good (0x00000000)
2024-05-21T15:30:05.069Z,false,2024-05-21T15:29:58.475Z,2024-05-21T15:29:58.475Z,Good (0x00000000)
2024-05-21T15:31:04.081Z,false,2024-05-21T15:30:57.469Z,2024-05-21T15:30:57.469Z,Good (0x00000000)
2024-05-21T15:32:04.037Z,false,2024-05-21T15:31:57.427Z,2024-05-21T15:31:57.426Z,Good (0x00000000)
2024-05-21T15:33:04.633Z,false,2024-05-21T15:32:58.025Z,2024-05-21T15:32:58.025Z,Good (0x00000000)
2024-05-21T15:34:04.115Z,false,2024-05-21T15:33:57.504Z,2024-05-21T15:33:57.504Z,Good (0x00000000)
2024-05-21T15:35:04.344Z,false,2024-05-21T15:34:57.732Z,2024-05-21T15:34:57.732Z,Good (0x00000000)
2024-05-21T15:36:04.311Z,false,2024-05-21T15:35:57.700Z,2024-05-21T15:35:57.700Z,Good (0x00000000)
2024-05-21T15:37:04.207Z,false,2024-05-21T15:36:57.593Z,2024-05-21T15:36:57.593Z,Good (0x00000000)
2024-05-21T15:38:04.268Z,false,2024-05-21T15:37:57.655Z,2024-05-21T15:37:57.655Z,Good (0x00000000)
2024-05-21T15:39:04.677Z,false,2024-05-21T15:38:58.064Z,2024-05-21T15:38:58.064Z,Good (0x00000000)
2024-05-21T15:40:04.899Z,false,2024-05-21T15:39:58.286Z,2024-05-21T15:39:58.286Z,Good (0x00000000)
2024-05-21T15:41:04.004Z,false,2024-05-21T15:40:57.393Z,2024-05-21T15:40:57.393Z,Good (0x00000000)
2024-05-21T15:42:04.490Z,false,2024-05-21T15:41:57.879Z,2024-05-21T15:41:57.879Z,Good (0x00000000)
2024-05-21T15:43:04.307Z,false,2024-05-21T15:42:57.693Z,2024-05-21T15:42:57.693Z,Good (0x00000000)
2024-05-21T15:44:04.127Z,false,2024-05-21T15:43:57.514Z,2024-05-21T15:43:57.514Z,Good (0x00000000)
2024-05-21T15:45:04.564Z,false,2024-05-21T15:44:57.958Z,2024-05-21T15:44:57.958Z,Good (0x00000000)
2024-05-21T15:46:04.375Z,false,2024-05-21T15:45:57.760Z,2024-05-21T15:45:57.760Z,Good (0x00000000)
2024-05-21T15:47:05.160Z,false,2024-05-21T15:46:58.546Z,2024-05-21T15:46:58.546Z,Good (0x00000000)
2024-05-21T15:48:04.291Z,false,2024-05-21T15:47:57.676Z,2024-05-21T15:47:57.676Z,Good (0x00000000)
2024-05-21T15:49:04.513Z,false,2024-05-21T15:48:57.927Z,2024-05-21T15:48:57.927Z,Good (0x00000000)
2024-05-21T15:50:04.784Z,false,2024-05-21T15:49:58.173Z,2024-05-21T15:49:58.173Z,Good (0x00000000)
2024-05-21T15:51:04.277Z,false,2024-05-21T15:50:57.669Z,2024-05-21T15:50:57.669Z,Good (0x00000000)
2024-05-21T15:52:04.615Z,false,2024-05-21T15:51:57.999Z,2024-05-21T15:51:57.999Z,Good (0x00000000)
2024-05-21T15:53:04.491Z,false,2024-05-21T15:52:57.873Z,2024-05-21T15:52:57.873Z,Good (0x00000000)
2024-05-21T15:54:03.943Z,false,2024-05-21T15:53:57.325Z,2024-05-21T15:53:57.325Z,Good (0x00000000)
2024-05-21T15:55:04.289Z,false,2024-05-21T15:54:57.671Z,2024-05-21T15:54:57.671Z,Good (0x00000000)
2024-05-21T15:56:04.804Z,false,2024-05-21T15:55:58.190Z,2024-05-21T15:55:58.190Z,Good (0x00000000)
2024-05-21T15:57:04.245Z,false,2024-05-21T15:56:57.633Z,2024-05-21T15:56:57.633Z,Good (0x00000000)
2024-05-21T15:58:04.172Z,false,2024-05-21T15:57:57.560Z,2024-05-21T15:57:57.559Z,Good (0x00000000)
2024-05-21T15:59:04.114Z,false,2024-05-21T15:58:57.495Z,2024-05-21T15:58:57.495Z,Good (0x00000000)
2024-05-21T16:00:06.633Z,false,2024-05-21T16:00:00.015Z,2024-05-21T16:00:00.015Z,Good (0x00000000)
2024-05-21T16:01:04.175Z,false,2024-05-21T16:00:57.559Z,2024-05-21T16:00:57.559Z,Good (0x00000000)
2024-05-21T16:02:04.402Z,false,2024-05-21T16:01:57.782Z,2024-05-21T16:01:57.782Z,Good (0x00000000)
2024-05-21T16:03:04.313Z,false,2024-05-21T16:02:57.695Z,2024-05-21T16:02:57.695Z,Good (0x00000000)
2024-05-21T16:04:04.282Z,false,2024-05-21T16:03:57.662Z,2024-05-21T16:03:57.662Z,Good (0x00000000)
2024-05-21T16:05:04.777Z,false,2024-05-21T16:04:58.174Z,2024-05-21T16:04:58.174Z,Good (0x00000000)
2024-05-21T16:06:04.826Z,false,2024-05-21T16:05:58.206Z,2024-05-21T16:05:58.206Z,Good (0x00000000)
2024-05-21T16:07:04.301Z,false,2024-05-21T16:06:57.680Z,2024-05-21T16:06:57.680Z,Good (0x00000000)
2024-05-21T16:08:04.638Z,false,2024-05-21T16:07:58.017Z,2024-05-21T16:07:58.017Z,Good (0x00000000)
2024-05-21T16:09:04.761Z,false,2024-05-21T16:08:58.143Z,2024-05-21T16:08:58.143Z,Good (0x00000000)
2024-05-21T16:10:04.425Z,false,2024-05-21T16:09:57.807Z,2024-05-21T16:09:57.807Z,Good (0x00000000)
2024-05-21T16:11:04.141Z,false,2024-05-21T16:10:57.518Z,2024-05-21T16:10:57.518Z,Good (0x00000000)
2024-05-21T16:12:04.093Z,false,2024-05-21T16:11:57.472Z,2024-05-21T16:11:57.472Z,Good (0x00000000)
2024-05-21T16:13:04.378Z,false,2024-05-21T16:12:57.757Z,2024-05-21T16:12:57.757Z,Good (0x00000000)
2024-05-21T16:14:04.473Z,false,2024-05-21T16:13:57.858Z,2024-05-21T16:13:57.858Z,Good (0x00000000)
2024-05-21T16:15:04.025Z,false,2024-05-21T16:14:57.405Z,2024-05-21T16:14:57.405Z,Good (0x00000000)
2024-05-21T16:16:04.124Z,false,2024-05-21T16:15:57.502Z,2024-05-21T16:15:57.502Z,Good (0x00000000)
2024-05-21T16:17:04.426Z,false,2024-05-21T16:16:57.801Z,2024-05-21T16:16:57.801Z,Good (0x00000000)
2024-05-21T16:18:04.456Z,false,2024-05-21T16:17:57.833Z,2024-05-21T16:17:57.833Z,Good (0x00000000)
2024-05-21T16:19:04.206Z,false,2024-05-21T16:18:57.585Z,2024-05-21T16:18:57.585Z,Good (0x00000000)
2024-05-21T16:20:04.293Z,false,2024-05-21T16:19:57.674Z,2024-05-21T16:19:57.674Z,Good (0x00000000)
2024-05-21T16:21:03.568Z,false,2024-05-21T16:20:56.944Z,2024-05-21T16:20:56.944Z,Good (0x00000000)
2024-05-21T16:22:04.256Z,false,2024-05-21T16:21:57.635Z,2024-05-21T16:21:57.635Z,Good (0x00000000)
2024-05-21T16:23:04.429Z,false,2024-05-21T16:22:57.805Z,2024-05-21T16:22:57.805Z,Good (0x00000000)
2024-05-21T16:24:04.600Z,false,2024-05-21T16:23:57.975Z,2024-05-21T16:23:57.975Z,Good (0x00000000)
2024-05-21T16:25:04.415Z,false,2024-05-21T16:24:57.788Z,2024-05-21T16:24:57.788Z,Good (0x00000000)
2024-05-21T16:26:04.872Z,false,2024-05-21T16:25:58.246Z,2024-05-21T16:25:58.246Z,Good (0x00000000)
2024-05-21T16:27:04.201Z,false,2024-05-21T16:26:57.575Z,2024-05-21T16:26:57.575Z,Good (0x00000000)
2024-05-21T16:28:04.735Z,false,2024-05-21T16:27:58.108Z,2024-05-21T16:27:58.108Z,Good (0x00000000)
2024-05-21T16:29:04.525Z,false,2024-05-21T16:28:57.903Z,2024-05-21T16:28:57.903Z,Good (0x00000000)
2024-05-21T16:30:04.961Z,false,2024-05-21T16:29:58.336Z,2024-05-21T16:29:58.336Z,Good (0x00000000)
2024-05-21T16:31:04.419Z,false,2024-05-21T16:30:57.793Z,2024-05-21T16:30:57.793Z,Good (0x00000000)
2024-05-21T16:32:04.470Z,false,2024-05-21T16:31:57.848Z,2024-05-21T16:31:57.848Z,Good (0x00000000)
2024-05-21T16:33:04.241Z,false,2024-05-21T16:32:57.613Z,2024-05-21T16:32:57.613Z,Good (0x00000000)
2024-05-21T16:34:04.449Z,false,2024-05-21T16:33:57.830Z,2024-05-21T16:33:57.829Z,Good (0x00000000)
2024-05-21T16:35:03.854Z,false,2024-05-21T16:34:57.228Z,2024-05-21T16:34:57.228Z,Good (0x00000000)
2024-05-21T16:36:04.358Z,false,2024-05-21T16:35:57.731Z,2024-05-21T16:35:57.731Z,Good (0x00000000)
2024-05-21T16:37:03.863Z,false,2024-05-21T16:36:57.236Z,2024-05-21T16:36:57.236Z,Good (0x00000000)
2024-05-21T16:38:04.360Z,false,2024-05-21T16:37:57.742Z,2024-05-21T16:37:57.742Z,Good (0x00000000)
2024-05-21T16:39:04.519Z,false,2024-05-21T16:38:57.896Z,2024-05-21T16:38:57.896Z,Good (0x00000000)
2024-05-21T16:40:04.779Z,false,2024-05-21T16:39:58.152Z,2024-05-21T16:39:58.152Z,Good (0x00000000)
2024-05-21T16:41:03.730Z,false,2024-05-21T16:40:57.102Z,2024-05-21T16:40:57.102Z,Good (0x00000000)
2024-05-21T16:42:04.427Z,false,2024-05-21T16:41:57.798Z,2024-05-21T16:41:57.798Z,Good (0x00000000)
2024-05-21T16:43:04.148Z,false,2024-05-21T16:42:57.518Z,2024-05-21T16:42:57.518Z,Good (0x00000000)
2024-05-21T16:44:04.047Z,false,2024-05-21T16:43:57.418Z,2024-05-21T16:43:57.418Z,Good (0x00000000)
2024-05-21T16:45:04.484Z,false,2024-05-21T16:44:57.856Z,2024-05-21T16:44:57.856Z,Good (0x00000000)
2024-05-21T16:46:04.045Z,false,2024-05-21T16:45:57.415Z,2024-05-21T16:45:57.415Z,Good (0x00000000)
2024-05-21T16:47:04.697Z,false,2024-05-21T16:46:58.070Z,2024-05-21T16:46:58.070Z,Good (0x00000000)
2024-05-21T16:48:04.795Z,false,2024-05-21T16:47:58.165Z,2024-05-21T16:47:58.165Z,Good (0x00000000)
2024-05-21T16:49:04.028Z,false,2024-05-21T16:48:57.397Z,2024-05-21T16:48:57.397Z,Good (0x00000000)
2024-05-21T16:50:04.338Z,false,2024-05-21T16:49:57.709Z,2024-05-21T16:49:57.709Z,Good (0x00000000)
2024-05-21T16:51:04.138Z,false,2024-05-21T16:50:57.506Z,2024-05-21T16:50:57.505Z,Good (0x00000000)
2024-05-21T16:52:05.006Z,false,2024-05-21T16:51:58.374Z,2024-05-21T16:51:58.374Z,Good (0x00000000)
2024-05-21T16:53:03.841Z,false,2024-05-21T16:52:57.208Z,2024-05-21T16:52:57.208Z,Good (0x00000000)
2024-05-21T16:54:04.050Z,false,2024-05-21T16:53:57.418Z,2024-05-21T16:53:57.418Z,Good (0x00000000)
2024-05-21T16:55:04.824Z,false,2024-05-21T16:54:58.196Z,2024-05-21T16:54:58.196Z,Good (0x00000000)
2024-05-21T16:56:03.779Z,false,2024-05-21T16:55:57.148Z,2024-05-21T16:55:57.148Z,Good (0x00000000)
2024-05-21T16:57:04.164Z,false,2024-05-21T16:56:57.534Z,2024-05-21T16:56:57.534Z,Good (0x00000000)
2024-05-21T16:58:03.810Z,false,2024-05-21T16:57:57.179Z,2024-05-21T16:57:57.179Z,Good (0x00000000)
2024-05-21T16:59:04.524Z,false,2024-05-21T16:58:57.893Z,2024-05-21T16:58:57.893Z,Good (0x00000000)
2024-05-21T17:00:06.681Z,false,2024-05-21T17:00:00.058Z,2024-05-21T17:00:00.057Z,Good (0x00000000)
2024-05-21T17:01:05.017Z,false,2024-05-21T17:00:58.386Z,2024-05-21T17:00:58.386Z,Good (0x00000000)
2024-05-21T17:02:04.211Z,false,2024-05-21T17:01:57.577Z,2024-05-21T17:01:57.577Z,Good (0x00000000)
2024-05-21T17:03:04.528Z,false,2024-05-21T17:02:57.893Z,2024-05-21T17:02:57.893Z,Good (0x00000000)
2024-05-21T17:04:03.859Z,false,2024-05-21T17:03:57.225Z,2024-05-21T17:03:57.225Z,Good (0x00000000)
2024-05-21T17:05:03.956Z,false,2024-05-21T17:04:57.321Z,2024-05-21T17:04:57.321Z,Good (0x00000000)
2024-05-21T17:06:04.407Z,false,2024-05-21T17:05:57.775Z,2024-05-21T17:05:57.775Z,Good (0x00000000)
2024-05-21T17:07:04.304Z,false,2024-05-21T17:06:57.668Z,2024-05-21T17:06:57.668Z,Good (0x00000000)
2024-05-21T17:08:04.240Z,false,2024-05-21T17:07:57.604Z,2024-05-21T17:07:57.604Z,Good (0x00000000)
2024-05-21T17:09:04.113Z,false,2024-05-21T17:08:57.481Z,2024-05-21T17:08:57.481Z,Good (0x00000000)
2024-05-21T17:10:03.693Z,false,2024-05-21T17:09:57.057Z,2024-05-21T17:09:57.057Z,Good (0x00000000)
2024-05-21T17:11:04.091Z,false,2024-05-21T17:10:57.456Z,2024-05-21T17:10:57.456Z,Good (0x00000000)
2024-05-21T17:12:04.143Z,false,2024-05-21T17:11:57.508Z,2024-05-21T17:11:57.508Z,Good (0x00000000)
2024-05-21T17:13:04.209Z,false,2024-05-21T17:12:57.587Z,2024-05-21T17:12:57.587Z,Good (0x00000000)
2024-05-21T17:14:05.322Z,false,2024-05-21T17:13:58.686Z,2024-05-21T17:13:58.686Z,Good (0x00000000)
2024-05-21T17:15:04.140Z,false,2024-05-21T17:14:57.502Z,2024-05-21T17:14:57.502Z,Good (0x00000000)
2024-05-21T17:16:04.438Z,false,2024-05-21T17:15:57.801Z,2024-05-21T17:15:57.801Z,Good (0x00000000)
2024-05-21T17:17:04.799Z,false,2024-05-21T17:16:58.163Z,2024-05-21T17:16:58.163Z,Good (0x00000000)
2024-05-21T17:18:04.239Z,false,2024-05-21T17:17:57.601Z,2024-05-21T17:17:57.601Z,Good (0x00000000)
2024-05-21T17:19:04.528Z,false,2024-05-21T17:18:57.891Z,2024-05-21T17:18:57.891Z,Good (0x00000000)
2024-05-21T17:20:04.239Z,false,2024-05-21T17:19:57.598Z,2024-05-21T17:19:57.598Z,Good (0x00000000)
2024-05-21T17:21:04.146Z,false,2024-05-21T17:20:57.507Z,2024-05-21T17:20:57.507Z,Good (0x00000000)
2024-05-21T17:22:04.532Z,false,2024-05-21T17:21:57.896Z,2024-05-21T17:21:57.896Z,Good (0x00000000)
2024-05-21T17:23:04.436Z,false,2024-05-21T17:22:57.796Z,2024-05-21T17:22:57.796Z,Good (0x00000000)
2024-05-21T17:24:04.554Z,false,2024-05-21T17:23:57.915Z,2024-05-21T17:23:57.914Z,Good (0x00000000)
2024-05-21T17:25:04.211Z,false,2024-05-21T17:24:57.573Z,2024-05-21T17:24:57.573Z,Good (0x00000000)
2024-05-21T17:26:04.696Z,false,2024-05-21T17:25:58.056Z,2024-05-21T17:25:58.055Z,Good (0x00000000)
2024-05-21T17:27:04.479Z,false,2024-05-21T17:26:57.850Z,2024-05-21T17:26:57.850Z,Good (0x00000000)
2024-05-21T17:28:04.198Z,false,2024-05-21T17:27:57.560Z,2024-05-21T17:27:57.560Z,Good (0x00000000)
2024-05-21T17:29:04.726Z,false,2024-05-21T17:28:58.088Z,2024-05-21T17:28:58.087Z,Good (0x00000000)
2024-05-21T17:30:04.986Z,false,2024-05-21T17:29:58.354Z,2024-05-21T17:29:58.354Z,Good (0x00000000)
2024-05-21T17:31:04.343Z,false,2024-05-21T17:30:57.704Z,2024-05-21T17:30:57.704Z,Good (0x00000000)
2024-05-21T17:32:04.485Z,false,2024-05-21T17:31:57.843Z,2024-05-21T17:31:57.843Z,Good (0x00000000)
2024-05-21T17:33:04.530Z,false,2024-05-21T17:32:57.889Z,2024-05-21T17:32:57.889Z,Good (0x00000000)
2024-05-21T17:34:04.471Z,false,2024-05-21T17:33:57.837Z,2024-05-21T17:33:57.837Z,Good (0x00000000)
2024-05-21T17:35:04.046Z,false,2024-05-21T17:34:57.405Z,2024-05-21T17:34:57.405Z,Good (0x00000000)
2024-05-21T17:36:04.079Z,false,2024-05-21T17:35:57.437Z,2024-05-21T17:35:57.437Z,Good (0x00000000)
2024-05-21T17:37:04.526Z,false,2024-05-21T17:36:57.884Z,2024-05-21T17:36:57.884Z,Good (0x00000000)
2024-05-21T17:38:04.592Z,false,2024-05-21T17:37:57.950Z,2024-05-21T17:37:57.950Z,Good (0x00000000)
2024-05-21T17:39:04.510Z,false,2024-05-21T17:38:57.867Z,2024-05-21T17:38:57.867Z,Good (0x00000000)
2024-05-21T17:40:04.629Z,false,2024-05-21T17:39:57.989Z,2024-05-21T17:39:57.989Z,Good (0x00000000)
2024-05-21T17:41:04.080Z,false,2024-05-21T17:40:57.439Z,2024-05-21T17:40:57.439Z,Good (0x00000000)
2024-05-21T17:42:04.607Z,false,2024-05-21T17:41:57.963Z,2024-05-21T17:41:57.963Z,Good (0x00000000)
2024-05-21T17:43:04.418Z,false,2024-05-21T17:42:57.774Z,2024-05-21T17:42:57.774Z,Good (0x00000000)
2024-05-21T17:44:04.061Z,false,2024-05-21T17:43:57.428Z,2024-05-21T17:43:57.428Z,Good (0x00000000)
2024-05-21T17:45:05.016Z,false,2024-05-21T17:44:58.373Z,2024-05-21T17:44:58.373Z,Good (0x00000000)
2024-05-21T17:46:04.314Z,false,2024-05-21T17:45:57.670Z,2024-05-21T17:45:57.670Z,Good (0x00000000)
2024-05-21T17:47:04.896Z,false,2024-05-21T17:46:58.253Z,2024-05-21T17:46:58.253Z,Good (0x00000000)
2024-05-21T17:48:04.470Z,false,2024-05-21T17:47:57.823Z,2024-05-21T17:47:57.823Z,Good (0x00000000)
2024-05-21T17:49:04.209Z,false,2024-05-21T17:48:57.568Z,2024-05-21T17:48:57.567Z,Good (0x00000000)
2024-05-21T17:50:04.202Z,false,2024-05-21T17:49:57.560Z,2024-05-21T17:49:57.560Z,Good (0x00000000)
2024-05-21T17:51:04.513Z,false,2024-05-21T17:50:57.874Z,2024-05-21T17:50:57.874Z,Good (0x00000000)
2024-05-21T17:52:04.908Z,false,2024-05-21T17:51:58.261Z,2024-05-21T17:51:58.261Z,Good (0x00000000)
2024-05-21T17:53:03.989Z,false,2024-05-21T17:52:57.345Z,2024-05-21T17:52:57.345Z,Good (0x00000000)
2024-05-21T17:54:04.277Z,false,2024-05-21T17:53:57.631Z,2024-05-21T17:53:57.631Z,Good (0x00000000)
2024-05-21T17:55:04.261Z,false,2024-05-21T17:54:57.615Z,2024-05-21T17:54:57.615Z,Good (0x00000000)
2024-05-21T17:56:04.271Z,false,2024-05-21T17:55:57.623Z,2024-05-21T17:55:57.623Z,Good (0x00000000)
2024-05-21T17:57:04.374Z,false,2024-05-21T17:56:57.726Z,2024-05-21T17:56:57.726Z,Good (0x00000000)
2024-05-21T17:58:04.446Z,false,2024-05-21T17:57:57.798Z,2024-05-21T17:57:57.798Z,Good (0x00000000)
2024-05-21T17:59:04.207Z,false,2024-05-21T17:58:57.560Z,2024-05-21T17:58:57.560Z,Good (0x00000000)
2024-05-21T18:00:06.110Z,false,2024-05-21T17:59:59.471Z,2024-05-21T17:59:59.471Z,Good (0x00000000)
2024-05-21T18:01:04.514Z,false,2024-05-21T18:00:57.869Z,2024-05-21T18:00:57.868Z,Good (0x00000000)
2024-05-21T18:02:04.896Z,false,2024-05-21T18:01:58.248Z,2024-05-21T18:01:58.248Z,Good (0x00000000)
2024-05-21T18:03:04.182Z,false,2024-05-21T18:02:57.533Z,2024-05-21T18:02:57.533Z,Good (0x00000000)
2024-05-21T18:04:04.250Z,false,2024-05-21T18:03:57.599Z,2024-05-21T18:03:57.599Z,Good (0x00000000)
2024-05-21T18:05:04.264Z,false,2024-05-21T18:04:57.616Z,2024-05-21T18:04:57.616Z,Good (0x00000000)
2024-05-21T18:06:04.923Z,false,2024-05-21T18:05:58.273Z,2024-05-21T18:05:58.273Z,Good (0x00000000)
2024-05-21T18:07:03.882Z,false,2024-05-21T18:06:57.232Z,2024-05-21T18:06:57.232Z,Good (0x00000000)
2024-05-21T18:08:03.932Z,false,2024-05-21T18:07:57.283Z,2024-05-21T18:07:57.283Z,Good (0x00000000)
2024-05-21T18:09:04.216Z,false,2024-05-21T18:08:57.565Z,2024-05-21T18:08:57.564Z,Good (0x00000000)
2024-05-21T18:10:04.272Z,false,2024-05-21T18:09:57.628Z,2024-05-21T18:09:57.628Z,Good (0x00000000)
2024-05-21T18:11:04.330Z,false,2024-05-21T18:10:57.678Z,2024-05-21T18:10:57.678Z,Good (0x00000000)
2024-05-21T18:12:04.588Z,false,2024-05-21T18:11:57.938Z,2024-05-21T18:11:57.938Z,Good (0x00000000)
2024-05-21T18:13:04.679Z,false,2024-05-21T18:12:58.032Z,2024-05-21T18:12:58.032Z,Good (0x00000000)
2024-05-21T18:14:04.452Z,false,2024-05-21T18:13:57.800Z,2024-05-21T18:13:57.800Z,Good (0x00000000)
2024-05-21T18:15:04.549Z,false,2024-05-21T18:14:57.904Z,2024-05-21T18:14:57.903Z,Good (0x00000000)
2024-05-21T18:16:04.084Z,false,2024-05-21T18:15:57.433Z,2024-05-21T18:15:57.433Z,Good (0x00000000)
2024-05-21T18:17:05.036Z,false,2024-05-21T18:16:58.385Z,2024-05-21T18:16:58.385Z,Good (0x00000000)
2024-05-21T18:18:04.436Z,false,2024-05-21T18:17:57.784Z,2024-05-21T18:17:57.784Z,Good (0x00000000)
2024-05-21T18:19:04.354Z,false,2024-05-21T18:18:57.702Z,2024-05-21T18:18:57.701Z,Good (0x00000000)
2024-05-21T18:20:04.648Z,false,2024-05-21T18:19:57.994Z,2024-05-21T18:19:57.994Z,Good (0x00000000)
2024-05-21T18:21:04.429Z,false,2024-05-21T18:20:57.775Z,2024-05-21T18:20:57.775Z,Good (0x00000000)
2024-05-21T18:22:04.331Z,false,2024-05-21T18:21:57.681Z,2024-05-21T18:21:57.680Z,Good (0x00000000)
2024-05-21T18:23:04.614Z,false,2024-05-21T18:22:57.959Z,2024-05-21T18:22:57.959Z,Good (0x00000000)
2024-05-21T18:24:04.668Z,false,2024-05-21T18:23:58.012Z,2024-05-21T18:23:58.012Z,Good (0x00000000)
2024-05-21T18:25:04.765Z,false,2024-05-21T18:24:58.115Z,2024-05-21T18:24:58.115Z,Good (0x00000000)
2024-05-21T18:26:04.561Z,false,2024-05-21T18:25:57.906Z,2024-05-21T18:25:57.906Z,Good (0x00000000)
2024-05-21T18:27:04.305Z,false,2024-05-21T18:26:57.650Z,2024-05-21T18:26:57.650Z,Good (0x00000000)
2024-05-21T18:28:04.100Z,false,2024-05-21T18:27:57.450Z,2024-05-21T18:27:57.450Z,Good (0x00000000)
2024-05-21T18:29:04.133Z,false,2024-05-21T18:28:57.480Z,2024-05-21T18:28:57.480Z,Good (0x00000000)
2024-05-21T18:30:05.448Z,false,2024-05-21T18:29:58.795Z,2024-05-21T18:29:58.795Z,Good (0x00000000)
2024-05-21T18:31:04.290Z,false,2024-05-21T18:30:57.633Z,2024-05-21T18:30:57.633Z,Good (0x00000000)
2024-05-21T18:32:04.738Z,false,2024-05-21T18:31:58.084Z,2024-05-21T18:31:58.084Z,Good (0x00000000)
2024-05-21T18:33:04.374Z,false,2024-05-21T18:32:57.716Z,2024-05-21T18:32:57.716Z,Good (0x00000000)
2024-05-21T18:34:04.135Z,false,2024-05-21T18:33:57.481Z,2024-05-21T18:33:57.481Z,Good (0x00000000)
2024-05-21T18:35:04.632Z,false,2024-05-21T18:34:57.978Z,2024-05-21T18:34:57.978Z,Good (0x00000000)
2024-05-21T18:36:04.553Z,false,2024-05-21T18:35:57.896Z,2024-05-21T18:35:57.896Z,Good (0x00000000)
2024-05-21T18:37:04.240Z,false,2024-05-21T18:36:57.587Z,2024-05-21T18:36:57.587Z,Good (0x00000000)
2024-05-21T18:38:04.117Z,false,2024-05-21T18:37:57.460Z,2024-05-21T18:37:57.459Z,Good (0x00000000)
2024-05-21T18:39:04.807Z,false,2024-05-21T18:38:58.156Z,2024-05-21T18:38:58.155Z,Good (0x00000000)
2024-05-21T18:40:04.319Z,false,2024-05-21T18:39:57.661Z,2024-05-21T18:39:57.661Z,Good (0x00000000)
2024-05-21T18:41:03.918Z,false,2024-05-21T18:40:57.260Z,2024-05-21T18:40:57.260Z,Good (0x00000000)
2024-05-21T18:42:04.928Z,false,2024-05-21T18:41:58.274Z,2024-05-21T18:41:58.274Z,Good (0x00000000)
2024-05-21T18:43:04.477Z,false,2024-05-21T18:42:57.818Z,2024-05-21T18:42:57.818Z,Good (0x00000000)
2024-05-21T18:44:04.142Z,false,2024-05-21T18:43:57.484Z,2024-05-21T18:43:57.484Z,Good (0x00000000)
2024-05-21T18:45:04.576Z,false,2024-05-21T18:44:57.915Z,2024-05-21T18:44:57.915Z,Good (0x00000000)
2024-05-21T18:46:03.937Z,false,2024-05-21T18:45:57.291Z,2024-05-21T18:45:57.291Z,Good (0x00000000)
2024-05-21T18:47:04.423Z,false,2024-05-21T18:46:57.765Z,2024-05-21T18:46:57.765Z,Good (0x00000000)
2024-05-21T18:48:04.427Z,false,2024-05-21T18:47:57.767Z,2024-05-21T18:47:57.767Z,Good (0x00000000)
2024-05-21T18:49:04.465Z,false,2024-05-21T18:48:57.807Z,2024-05-21T18:48:57.807Z,Good (0x00000000)
2024-05-21T18:50:04.087Z,false,2024-05-21T18:49:57.427Z,2024-05-21T18:49:57.427Z,Good (0x00000000)
2024-05-21T18:51:04.028Z,false,2024-05-21T18:50:57.366Z,2024-05-21T18:50:57.366Z,Good (0x00000000)
2024-05-21T18:52:04.747Z,false,2024-05-21T18:51:58.091Z,2024-05-21T18:51:58.091Z,Good (0x00000000)
2024-05-21T18:53:04.637Z,false,2024-05-21T18:52:57.976Z,2024-05-21T18:52:57.975Z,Good (0x00000000)
2024-05-21T18:54:04.837Z,false,2024-05-21T18:53:58.178Z,2024-05-21T18:53:58.178Z,Good (0x00000000)
2024-05-21T18:55:04.193Z,false,2024-05-21T18:54:57.535Z,2024-05-21T18:54:57.535Z,Good (0x00000000)
2024-05-21T18:56:04.905Z,false,2024-05-21T18:55:58.244Z,2024-05-21T18:55:58.243Z,Good (0x00000000)
2024-05-21T18:57:03.771Z,false,2024-05-21T18:56:57.108Z,2024-05-21T18:56:57.108Z,Good (0x00000000)
2024-05-21T18:58:03.817Z,false,2024-05-21T18:57:57.154Z,2024-05-21T18:57:57.154Z,Good (0x00000000)
2024-05-21T18:59:04.227Z,false,2024-05-21T18:58:57.565Z,2024-05-21T18:58:57.565Z,Good (0x00000000)
2024-05-21T19:00:06.869Z,false,2024-05-21T19:00:00.205Z,2024-05-21T19:00:00.205Z,Good (0x00000000)
2024-05-21T19:01:04.584Z,false,2024-05-21T19:00:57.928Z,2024-05-21T19:00:57.928Z,Good (0x00000000)
2024-05-21T19:02:03.832Z,false,2024-05-21T19:01:57.169Z,2024-05-21T19:01:57.169Z,Good (0x00000000)
2024-05-21T19:03:03.985Z,false,2024-05-21T19:02:57.321Z,2024-05-21T19:02:57.321Z,Good (0x00000000)
2024-05-21T19:04:04.507Z,false,2024-05-21T19:03:57.843Z,2024-05-21T19:03:57.843Z,Good (0x00000000)
2024-05-21T19:05:04.570Z,false,2024-05-21T19:04:57.908Z,2024-05-21T19:04:57.908Z,Good (0x00000000)
2024-05-21T19:06:05.147Z,false,2024-05-21T19:05:58.483Z,2024-05-21T19:05:58.483Z,Good (0x00000000)
2024-05-21T19:07:04.353Z,false,2024-05-21T19:06:57.689Z,2024-05-21T19:06:57.688Z,Good (0x00000000)
2024-05-21T19:08:04.542Z,false,2024-05-21T19:07:57.879Z,2024-05-21T19:07:57.879Z,Good (0x00000000)
2024-05-21T19:09:04.742Z,false,2024-05-21T19:08:58.078Z,2024-05-21T19:08:58.078Z,Good (0x00000000)
2024-05-21T19:10:04.551Z,false,2024-05-21T19:09:57.885Z,2024-05-21T19:09:57.885Z,Good (0x00000000)
2024-05-21T19:11:04.348Z,false,2024-05-21T19:10:57.684Z,2024-05-21T19:10:57.684Z,Good (0x00000000)
2024-05-21T19:12:04.322Z,false,2024-05-21T19:11:57.656Z,2024-05-21T19:11:57.656Z,Good (0x00000000)
2024-05-21T19:13:04.829Z,false,2024-05-21T19:12:58.163Z,2024-05-21T19:12:58.163Z,Good (0x00000000)
2024-05-21T19:14:04.294Z,false,2024-05-21T19:13:57.640Z,2024-05-21T19:13:57.640Z,Good (0x00000000)
2024-05-21T19:15:04.650Z,false,2024-05-21T19:14:57.987Z,2024-05-21T19:14:57.987Z,Good (0x00000000)
2024-05-21T19:16:04.342Z,false,2024-05-21T19:15:57.679Z,2024-05-21T19:15:57.679Z,Good (0x00000000)
2024-05-21T19:17:04.720Z,false,2024-05-21T19:16:58.054Z,2024-05-21T19:16:58.054Z,Good (0x00000000)
2024-05-21T19:18:04.282Z,false,2024-05-21T19:17:57.616Z,2024-05-21T19:17:57.616Z,Good (0x00000000)
2024-05-21T19:19:04.150Z,false,2024-05-21T19:18:57.483Z,2024-05-21T19:18:57.483Z,Good (0x00000000)
2024-05-21T19:20:04.592Z,false,2024-05-21T19:19:57.923Z,2024-05-21T19:19:57.923Z,Good (0x00000000)
2024-05-21T19:21:04.823Z,false,2024-05-21T19:20:58.156Z,2024-05-21T19:20:58.156Z,Good (0x00000000)
2024-05-21T19:22:04.341Z,false,2024-05-21T19:21:57.673Z,2024-05-21T19:21:57.673Z,Good (0x00000000)
2024-05-21T19:23:03.986Z,false,2024-05-21T19:22:57.317Z,2024-05-21T19:22:57.316Z,Good (0x00000000)
2024-05-21T19:24:04.933Z,false,2024-05-21T19:23:58.264Z,2024-05-21T19:23:58.264Z,Good (0x00000000)
2024-05-21T19:25:04.224Z,false,2024-05-21T19:24:57.554Z,2024-05-21T19:24:57.554Z,Good (0x00000000)
2024-05-21T19:26:04.772Z,false,2024-05-21T19:25:58.105Z,2024-05-21T19:25:58.105Z,Good (0x00000000)
2024-05-21T19:27:03.991Z,false,2024-05-21T19:26:57.328Z,2024-05-21T19:26:57.328Z,Good (0x00000000)
2024-05-21T19:28:04.413Z,false,2024-05-21T19:27:57.746Z,2024-05-21T19:27:57.746Z,Good (0x00000000)
2024-05-21T19:29:04.112Z,false,2024-05-21T19:28:57.443Z,2024-05-21T19:28:57.443Z,Good (0x00000000)
2024-05-21T19:30:04.793Z,false,2024-05-21T19:29:58.124Z,2024-05-21T19:29:58.124Z,Good (0x00000000)
2024-05-21T19:31:04.275Z,false,2024-05-21T19:30:57.604Z,2024-05-21T19:30:57.604Z,Good (0x00000000)
2024-05-21T19:32:04.223Z,false,2024-05-21T19:31:57.553Z,2024-05-21T19:31:57.552Z,Good (0x00000000)
2024-05-21T19:33:04.003Z,false,2024-05-21T19:32:57.338Z,2024-05-21T19:32:57.338Z,Good (0x00000000)
2024-05-21T19:34:04.171Z,false,2024-05-21T19:33:57.500Z,2024-05-21T19:33:57.500Z,Good (0x00000000)
2024-05-21T19:35:04.597Z,false,2024-05-21T19:34:57.925Z,2024-05-21T19:34:57.925Z,Good (0x00000000)
2024-05-21T19:36:04.569Z,false,2024-05-21T19:35:57.896Z,2024-05-21T19:35:57.896Z,Good (0x00000000)
2024-05-21T19:37:04.694Z,false,2024-05-21T19:36:58.022Z,2024-05-21T19:36:58.022Z,Good (0x00000000)
2024-05-21T19:38:04.667Z,false,2024-05-21T19:37:57.997Z,2024-05-21T19:37:57.997Z,Good (0x00000000)
2024-05-21T19:39:04.538Z,false,2024-05-21T19:38:57.866Z,2024-05-21T19:38:57.866Z,Good (0x00000000)
2024-05-21T19:40:04.869Z,false,2024-05-21T19:39:58.198Z,2024-05-21T19:39:58.198Z,Good (0x00000000)
2024-05-21T19:41:04.476Z,false,2024-05-21T19:40:57.804Z,2024-05-21T19:40:57.804Z,Good (0x00000000)
2024-05-21T19:42:04.556Z,false,2024-05-21T19:41:57.886Z,2024-05-21T19:41:57.886Z,Good (0x00000000)
2024-05-21T19:43:04.596Z,false,2024-05-21T19:42:57.922Z,2024-05-21T19:42:57.922Z,Good (0x00000000)
2024-05-21T19:44:04.144Z,false,2024-05-21T19:43:57.476Z,2024-05-21T19:43:57.476Z,Good (0x00000000)
2024-05-21T19:45:04.218Z,false,2024-05-21T19:44:57.548Z,2024-05-21T19:44:57.548Z,Good (0x00000000)
2024-05-21T19:46:04.401Z,false,2024-05-21T19:45:57.728Z,2024-05-21T19:45:57.728Z,Good (0x00000000)
2024-05-21T19:47:04.430Z,false,2024-05-21T19:46:57.762Z,2024-05-21T19:46:57.762Z,Good (0x00000000)
2024-05-21T19:48:04.587Z,false,2024-05-21T19:47:57.913Z,2024-05-21T19:47:57.913Z,Good (0x00000000)
2024-05-21T19:49:03.812Z,false,2024-05-21T19:48:57.136Z,2024-05-21T19:48:57.136Z,Good (0x00000000)
2024-05-21T19:50:04.787Z,false,2024-05-21T19:49:58.114Z,2024-05-21T19:49:58.114Z,Good (0x00000000)
2024-05-21T19:51:03.989Z,false,2024-05-21T19:50:57.313Z,2024-05-21T19:50:57.313Z,Good (0x00000000)
2024-05-21T19:52:05.026Z,false,2024-05-21T19:51:58.357Z,2024-05-21T19:51:58.357Z,Good (0x00000000)
2024-05-21T19:53:04.067Z,false,2024-05-21T19:52:57.393Z,2024-05-21T19:52:57.393Z,Good (0x00000000)
2024-05-21T19:54:04.240Z,false,2024-05-21T19:53:57.562Z,2024-05-21T19:53:57.562Z,Good (0x00000000)
2024-05-21T19:55:03.894Z,false,2024-05-21T19:54:57.218Z,2024-05-21T19:54:57.218Z,Good (0x00000000)
2024-05-21T19:56:04.456Z,false,2024-05-21T19:55:57.782Z,2024-05-21T19:55:57.782Z,Good (0x00000000)
2024-05-21T19:57:04.316Z,false,2024-05-21T19:56:57.644Z,2024-05-21T19:56:57.644Z,Good (0x00000000)
2024-05-21T19:58:04.179Z,false,2024-05-21T19:57:57.502Z,2024-05-21T19:57:57.502Z,Good (0x00000000)
2024-05-21T19:59:04.302Z,false,2024-05-21T19:58:57.630Z,2024-05-21T19:58:57.630Z,Good (0x00000000)
2024-05-21T20:00:05.605Z,false,2024-05-21T19:59:58.932Z,2024-05-21T19:59:58.932Z,Good (0x00000000)
2024-05-21T20:01:04.348Z,false,2024-05-21T20:00:57.671Z,2024-05-21T20:00:57.671Z,Good (0x00000000)
2024-05-21T20:02:04.440Z,false,2024-05-21T20:01:57.762Z,2024-05-21T20:01:57.762Z,Good (0x00000000)
2024-05-21T20:03:04.195Z,false,2024-05-21T20:02:57.517Z,2024-05-21T20:02:57.516Z,Good (0x00000000)
2024-05-21T20:04:04.057Z,false,2024-05-21T20:03:57.381Z,2024-05-21T20:03:57.381Z,Good (0x00000000)
2024-05-21T20:05:04.815Z,false,2024-05-21T20:04:58.137Z,2024-05-21T20:04:58.137Z,Good (0x00000000)
2024-05-21T20:06:05.025Z,false,2024-05-21T20:05:58.349Z,2024-05-21T20:05:58.349Z,Good (0x00000000)
2024-05-21T20:07:04.238Z,false,2024-05-21T20:06:57.559Z,2024-05-21T20:06:57.559Z,Good (0x00000000)
2024-05-21T20:08:04.461Z,false,2024-05-21T20:07:57.794Z,2024-05-21T20:07:57.794Z,Good (0x00000000)
2024-05-21T20:09:04.125Z,false,2024-05-21T20:08:57.450Z,2024-05-21T20:08:57.450Z,Good (0x00000000)
2024-05-21T20:10:04.165Z,false,2024-05-21T20:09:57.485Z,2024-05-21T20:09:57.485Z,Good (0x00000000)
2024-05-21T20:11:04.337Z,false,2024-05-21T20:10:57.662Z,2024-05-21T20:10:57.662Z,Good (0x00000000)
2024-05-21T20:12:04.688Z,false,2024-05-21T20:11:58.010Z,2024-05-21T20:11:58.010Z,Good (0x00000000)
2024-05-21T20:13:05.294Z,false,2024-05-21T20:12:58.612Z,2024-05-21T20:12:58.612Z,Good (0x00000000)
2024-05-21T20:14:04.283Z,false,2024-05-21T20:13:57.605Z,2024-05-21T20:13:57.605Z,Good (0x00000000)
2024-05-21T20:15:04.913Z,false,2024-05-21T20:14:58.240Z,2024-05-21T20:14:58.240Z,Good (0x00000000)
2024-05-21T20:16:04.384Z,false,2024-05-21T20:15:57.702Z,2024-05-21T20:15:57.702Z,Good (0x00000000)
2024-05-21T20:17:04.789Z,false,2024-05-21T20:16:58.107Z,2024-05-21T20:16:58.107Z,Good (0x00000000)
2024-05-21T20:18:04.248Z,false,2024-05-21T20:17:57.566Z,2024-05-21T20:17:57.566Z,Good (0x00000000)
2024-05-21T20:19:04.267Z,false,2024-05-21T20:18:57.584Z,2024-05-21T20:18:57.584Z,Good (0x00000000)
2024-05-21T20:20:04.477Z,false,2024-05-21T20:19:57.792Z,2024-05-21T20:19:57.792Z,Good (0x00000000)
2024-05-21T20:21:04.585Z,false,2024-05-21T20:20:57.903Z,2024-05-21T20:20:57.903Z,Good (0x00000000)
2024-05-21T20:22:04.141Z,false,2024-05-21T20:21:57.460Z,2024-05-21T20:21:57.460Z,Good (0x00000000)
2024-05-21T20:23:04.452Z,false,2024-05-21T20:22:57.771Z,2024-05-21T20:22:57.770Z,Good (0x00000000)
2024-05-21T20:24:04.600Z,false,2024-05-21T20:23:57.919Z,2024-05-21T20:23:57.919Z,Good (0x00000000)
2024-05-21T20:25:04.466Z,false,2024-05-21T20:24:57.788Z,2024-05-21T20:24:57.788Z,Good (0x00000000)
2024-05-21T20:26:04.563Z,false,2024-05-21T20:25:57.878Z,2024-05-21T20:25:57.878Z,Good (0x00000000)
2024-05-21T20:27:04.506Z,false,2024-05-21T20:26:57.824Z,2024-05-21T20:26:57.824Z,Good (0x00000000)
2024-05-21T20:28:04.328Z,false,2024-05-21T20:27:57.646Z,2024-05-21T20:27:57.646Z,Good (0x00000000)
2024-05-21T20:29:04.543Z,false,2024-05-21T20:28:57.857Z,2024-05-21T20:28:57.857Z,Good (0x00000000)
2024-05-21T20:30:04.662Z,false,2024-05-21T20:29:57.978Z,2024-05-21T20:29:57.978Z,Good (0x00000000)
2024-05-21T20:31:04.620Z,false,2024-05-21T20:30:57.937Z,2024-05-21T20:30:57.937Z,Good (0x00000000)
2024-05-21T20:32:04.413Z,false,2024-05-21T20:31:57.727Z,2024-05-21T20:31:57.727Z,Good (0x00000000)
2024-05-21T20:33:04.515Z,false,2024-05-21T20:32:57.827Z,2024-05-21T20:32:57.827Z,Good (0x00000000)
2024-05-21T20:34:04.483Z,false,2024-05-21T20:33:57.796Z,2024-05-21T20:33:57.796Z,Good (0x00000000)
2024-05-21T20:35:03.940Z,false,2024-05-21T20:34:57.255Z,2024-05-21T20:34:57.255Z,Good (0x00000000)
2024-05-21T20:36:03.960Z,false,2024-05-21T20:35:57.275Z,2024-05-21T20:35:57.275Z,Good (0x00000000)
2024-05-21T20:37:04.289Z,false,2024-05-21T20:36:57.602Z,2024-05-21T20:36:57.602Z,Good (0x00000000)
2024-05-21T20:38:04.210Z,false,2024-05-21T20:37:57.527Z,2024-05-21T20:37:57.527Z,Good (0x00000000)
2024-05-21T20:39:04.619Z,false,2024-05-21T20:38:57.932Z,2024-05-21T20:38:57.932Z,Good (0x00000000)
2024-05-21T20:40:04.062Z,false,2024-05-21T20:39:57.375Z,2024-05-21T20:39:57.375Z,Good (0x00000000)
2024-05-21T20:41:04.853Z,false,2024-05-21T20:40:58.165Z,2024-05-21T20:40:58.165Z,Good (0x00000000)
2024-05-21T20:42:03.948Z,false,2024-05-21T20:41:57.259Z,2024-05-21T20:41:57.259Z,Good (0x00000000)
2024-05-21T20:43:04.042Z,false,2024-05-21T20:42:57.355Z,2024-05-21T20:42:57.355Z,Good (0x00000000)
2024-05-21T20:44:04.434Z,false,2024-05-21T20:43:57.745Z,2024-05-21T20:43:57.745Z,Good (0x00000000)
2024-05-21T20:45:04.548Z,false,2024-05-21T20:44:57.863Z,2024-05-21T20:44:57.863Z,Good (0x00000000)
2024-05-21T20:46:04.318Z,false,2024-05-21T20:45:57.631Z,2024-05-21T20:45:57.631Z,Good (0x00000000)
2024-05-21T20:47:04.931Z,false,2024-05-21T20:46:58.244Z,2024-05-21T20:46:58.244Z,Good (0x00000000)
2024-05-21T20:48:04.416Z,false,2024-05-21T20:47:57.727Z,2024-05-21T20:47:57.727Z,Good (0x00000000)
2024-05-21T20:49:04.557Z,false,2024-05-21T20:48:57.868Z,2024-05-21T20:48:57.868Z,Good (0x00000000)
2024-05-21T20:50:04.142Z,false,2024-05-21T20:49:57.451Z,2024-05-21T20:49:57.451Z,Good (0x00000000)
2024-05-21T20:51:04.381Z,false,2024-05-21T20:50:57.693Z,2024-05-21T20:50:57.693Z,Good (0x00000000)
2024-05-21T20:52:04.484Z,false,2024-05-21T20:51:57.794Z,2024-05-21T20:51:57.794Z,Good (0x00000000)
2024-05-21T20:53:04.431Z,false,2024-05-21T20:52:57.743Z,2024-05-21T20:52:57.743Z,Good (0x00000000)
2024-05-21T20:54:04.767Z,false,2024-05-21T20:53:58.080Z,2024-05-21T20:53:58.080Z,Good (0x00000000)
2024-05-21T20:55:04.283Z,false,2024-05-21T20:54:57.594Z,2024-05-21T20:54:57.594Z,Good (0x00000000)
2024-05-21T20:56:04.820Z,false,2024-05-21T20:55:58.127Z,2024-05-21T20:55:58.127Z,Good (0x00000000)
2024-05-21T20:57:04.054Z,false,2024-05-21T20:56:57.363Z,2024-05-21T20:56:57.363Z,Good (0x00000000)
2024-05-21T20:58:04.320Z,false,2024-05-21T20:57:57.628Z,2024-05-21T20:57:57.628Z,Good (0x00000000)
2024-05-21T20:59:04.353Z,false,2024-05-21T20:58:57.667Z,2024-05-21T20:58:57.667Z,Good (0x00000000)
2024-05-21T21:00:06.372Z,false,2024-05-21T20:59:59.687Z,2024-05-21T20:59:59.687Z,Good (0x00000000)
2024-05-21T21:01:04.463Z,false,2024-05-21T21:00:57.779Z,2024-05-21T21:00:57.779Z,Good (0x00000000)
2024-05-21T21:02:04.212Z,false,2024-05-21T21:01:57.519Z,2024-05-21T21:01:57.519Z,Good (0x00000000)
2024-05-21T21:03:03.967Z,false,2024-05-21T21:02:57.274Z,2024-05-21T21:02:57.274Z,Good (0x00000000)
2024-05-21T21:04:04.180Z,false,2024-05-21T21:03:57.488Z,2024-05-21T21:03:57.488Z,Good (0x00000000)
2024-05-21T21:05:04.287Z,false,2024-05-21T21:04:57.592Z,2024-05-21T21:04:57.592Z,Good (0x00000000)
2024-05-21T21:06:04.934Z,false,2024-05-21T21:05:58.240Z,2024-05-21T21:05:58.240Z,Good (0x00000000)
2024-05-21T21:07:04.075Z,false,2024-05-21T21:06:57.381Z,2024-05-21T21:06:57.381Z,Good (0x00000000)
2024-05-21T21:08:04.252Z,false,2024-05-21T21:07:57.560Z,2024-05-21T21:07:57.560Z,Good (0x00000000)
2024-05-21T21:09:04.276Z,false,2024-05-21T21:08:57.580Z,2024-05-21T21:08:57.579Z,Good (0x00000000)
2024-05-21T21:10:04.548Z,false,2024-05-21T21:09:57.856Z,2024-05-21T21:09:57.856Z,Good (0x00000000)
2024-05-21T21:11:03.929Z,false,2024-05-21T21:10:57.233Z,2024-05-21T21:10:57.233Z,Good (0x00000000)
2024-05-21T21:12:04.089Z,false,2024-05-21T21:11:57.394Z,2024-05-21T21:11:57.394Z,Good (0x00000000)
2024-05-21T21:13:04.613Z,false,2024-05-21T21:12:57.920Z,2024-05-21T21:12:57.920Z,Good (0x00000000)
2024-05-21T21:14:04.868Z,false,2024-05-21T21:13:58.172Z,2024-05-21T21:13:58.172Z,Good (0x00000000)
2024-05-21T21:15:04.342Z,false,2024-05-21T21:14:57.645Z,2024-05-21T21:14:57.645Z,Good (0x00000000)
2024-05-21T21:16:04.372Z,false,2024-05-21T21:15:57.675Z,2024-05-21T21:15:57.675Z,Good (0x00000000)
2024-05-21T21:17:04.933Z,false,2024-05-21T21:16:58.238Z,2024-05-21T21:16:58.238Z,Good (0x00000000)
2024-05-21T21:18:04.480Z,false,2024-05-21T21:17:57.784Z,2024-05-21T21:17:57.784Z,Good (0x00000000)
2024-05-21T21:19:04.525Z,false,2024-05-21T21:18:57.834Z,2024-05-21T21:18:57.834Z,Good (0x00000000)
2024-05-21T21:20:04.071Z,false,2024-05-21T21:19:57.376Z,2024-05-21T21:19:57.376Z,Good (0x00000000)
2024-05-21T21:21:04.682Z,false,2024-05-21T21:20:57.984Z,2024-05-21T21:20:57.984Z,Good (0x00000000)
2024-05-21T21:22:04.100Z,false,2024-05-21T21:21:57.404Z,2024-05-21T21:21:57.404Z,Good (0x00000000)
2024-05-21T21:23:03.840Z,false,2024-05-21T21:22:57.144Z,2024-05-21T21:22:57.144Z,Good (0x00000000)
2024-05-21T21:24:04.210Z,false,2024-05-21T21:23:57.513Z,2024-05-21T21:23:57.513Z,Good (0x00000000)
2024-05-21T21:25:04.693Z,false,2024-05-21T21:24:57.995Z,2024-05-21T21:24:57.995Z,Good (0x00000000)
2024-05-21T21:26:04.925Z,false,2024-05-21T21:25:58.226Z,2024-05-21T21:25:58.226Z,Good (0x00000000)
2024-05-21T21:27:03.916Z,false,2024-05-21T21:26:57.217Z,2024-05-21T21:26:57.217Z,Good (0x00000000)
2024-05-21T21:28:04.332Z,false,2024-05-21T21:27:57.634Z,2024-05-21T21:27:57.634Z,Good (0x00000000)
2024-05-21T21:29:04.340Z,false,2024-05-21T21:28:57.641Z,2024-05-21T21:28:57.641Z,Good (0x00000000)
2024-05-21T21:30:04.727Z,false,2024-05-21T21:29:58.028Z,2024-05-21T21:29:58.028Z,Good (0x00000000)
2024-05-21T21:31:04.399Z,false,2024-05-21T21:30:57.700Z,2024-05-21T21:30:57.699Z,Good (0x00000000)
2024-05-21T21:32:04.327Z,false,2024-05-21T21:31:57.626Z,2024-05-21T21:31:57.626Z,Good (0x00000000)
2024-05-21T21:33:04.476Z,false,2024-05-21T21:32:57.775Z,2024-05-21T21:32:57.775Z,Good (0x00000000)
2024-05-21T21:34:04.251Z,false,2024-05-21T21:33:57.548Z,2024-05-21T21:33:57.548Z,Good (0x00000000)
2024-05-21T21:35:04.416Z,false,2024-05-21T21:34:57.717Z,2024-05-21T21:34:57.717Z,Good (0x00000000)
2024-05-21T21:36:04.459Z,false,2024-05-21T21:35:57.770Z,2024-05-21T21:35:57.770Z,Good (0x00000000)
2024-05-21T21:37:04.282Z,false,2024-05-21T21:36:57.581Z,2024-05-21T21:36:57.581Z,Good (0x00000000)
2024-05-21T21:38:04.160Z,false,2024-05-21T21:37:57.459Z,2024-05-21T21:37:57.458Z,Good (0x00000000)
2024-05-21T21:39:04.475Z,false,2024-05-21T21:38:57.772Z,2024-05-21T21:38:57.772Z,Good (0x00000000)
2024-05-21T21:40:04.550Z,false,2024-05-21T21:39:57.849Z,2024-05-21T21:39:57.848Z,Good (0x00000000)
2024-05-21T21:41:04.558Z,false,2024-05-21T21:40:57.859Z,2024-05-21T21:40:57.859Z,Good (0x00000000)
2024-05-21T21:42:04.654Z,false,2024-05-21T21:41:57.953Z,2024-05-21T21:41:57.953Z,Good (0x00000000)
2024-05-21T21:43:04.084Z,false,2024-05-21T21:42:57.385Z,2024-05-21T21:42:57.385Z,Good (0x00000000)
2024-05-21T21:44:04.138Z,false,2024-05-21T21:43:57.438Z,2024-05-21T21:43:57.438Z,Good (0x00000000)
2024-05-21T21:45:04.436Z,false,2024-05-21T21:44:57.734Z,2024-05-21T21:44:57.734Z,Good (0x00000000)
2024-05-21T21:46:04.136Z,false,2024-05-21T21:45:57.433Z,2024-05-21T21:45:57.433Z,Good (0x00000000)
2024-05-21T21:47:04.420Z,false,2024-05-21T21:46:57.715Z,2024-05-21T21:46:57.715Z,Good (0x00000000)
2024-05-21T21:48:04.553Z,false,2024-05-21T21:47:57.850Z,2024-05-21T21:47:57.850Z,Good (0x00000000)
2024-05-21T21:49:03.938Z,false,2024-05-21T21:48:57.234Z,2024-05-21T21:48:57.234Z,Good (0x00000000)
2024-05-21T21:50:04.630Z,false,2024-05-21T21:49:57.925Z,2024-05-21T21:49:57.925Z,Good (0x00000000)
2024-05-21T21:51:04.160Z,false,2024-05-21T21:50:57.454Z,2024-05-21T21:50:57.454Z,Good (0x00000000)
2024-05-21T21:52:04.123Z,false,2024-05-21T21:51:57.420Z,2024-05-21T21:51:57.420Z,Good (0x00000000)
2024-05-21T21:53:04.664Z,false,2024-05-21T21:52:57.960Z,2024-05-21T21:52:57.960Z,Good (0x00000000)
2024-05-21T21:54:04.465Z,false,2024-05-21T21:53:57.760Z,2024-05-21T21:53:57.760Z,Good (0x00000000)
2024-05-21T21:55:04.638Z,false,2024-05-21T21:54:57.933Z,2024-05-21T21:54:57.932Z,Good (0x00000000)
2024-05-21T21:56:04.769Z,false,2024-05-21T21:55:58.064Z,2024-05-21T21:55:58.064Z,Good (0x00000000)
2024-05-21T21:57:04.264Z,false,2024-05-21T21:56:57.560Z,2024-05-21T21:56:57.560Z,Good (0x00000000)
2024-05-21T21:58:04.320Z,false,2024-05-21T21:57:57.614Z,2024-05-21T21:57:57.614Z,Good (0x00000000)
2024-05-21T21:59:04.305Z,false,2024-05-21T21:58:57.602Z,2024-05-21T21:58:57.602Z,Good (0x00000000)
2024-05-21T22:00:06.061Z,false,2024-05-21T21:59:59.353Z,2024-05-21T21:59:59.353Z,Good (0x00000000)
2024-05-21T22:01:04.342Z,false,2024-05-21T22:00:57.634Z,2024-05-21T22:00:57.634Z,Good (0x00000000)
2024-05-21T22:02:04.226Z,false,2024-05-21T22:01:57.523Z,2024-05-21T22:01:57.523Z,Good (0x00000000)
2024-05-21T22:03:03.983Z,false,2024-05-21T22:02:57.278Z,2024-05-21T22:02:57.277Z,Good (0x00000000)
2024-05-21T22:04:04.240Z,false,2024-05-21T22:03:57.532Z,2024-05-21T22:03:57.532Z,Good (0x00000000)
2024-05-21T22:05:04.119Z,false,2024-05-21T22:04:57.411Z,2024-05-21T22:04:57.411Z,Good (0x00000000)
2024-05-21T22:06:04.815Z,false,2024-05-21T22:05:58.116Z,2024-05-21T22:05:58.115Z,Good (0x00000000)
2024-05-21T22:07:04.230Z,false,2024-05-21T22:06:57.521Z,2024-05-21T22:06:57.521Z,Good (0x00000000)
2024-05-21T22:08:04.504Z,false,2024-05-21T22:07:57.797Z,2024-05-21T22:07:57.797Z,Good (0x00000000)
2024-05-21T22:09:03.892Z,false,2024-05-21T22:08:57.185Z,2024-05-21T22:08:57.185Z,Good (0x00000000)
2024-05-21T22:10:04.197Z,false,2024-05-21T22:09:57.490Z,2024-05-21T22:09:57.490Z,Good (0x00000000)
2024-05-21T22:11:03.933Z,false,2024-05-21T22:10:57.225Z,2024-05-21T22:10:57.225Z,Good (0x00000000)
2024-05-21T22:12:04.370Z,false,2024-05-21T22:11:57.661Z,2024-05-21T22:11:57.661Z,Good (0x00000000)
2024-05-21T22:13:04.269Z,false,2024-05-21T22:12:57.560Z,2024-05-21T22:12:57.560Z,Good (0x00000000)
2024-05-21T22:14:04.160Z,false,2024-05-21T22:13:57.450Z,2024-05-21T22:13:57.449Z,Good (0x00000000)
2024-05-21T22:15:04.145Z,false,2024-05-21T22:14:57.436Z,2024-05-21T22:14:57.436Z,Good (0x00000000)
2024-05-21T22:16:04.767Z,false,2024-05-21T22:15:58.055Z,2024-05-21T22:15:58.055Z,Good (0x00000000)
2024-05-21T22:17:04.183Z,false,2024-05-21T22:16:57.471Z,2024-05-21T22:16:57.471Z,Good (0x00000000)
2024-05-21T22:18:04.144Z,false,2024-05-21T22:17:57.432Z,2024-05-21T22:17:57.432Z,Good (0x00000000)
2024-05-21T22:19:04.410Z,false,2024-05-21T22:18:57.699Z,2024-05-21T22:18:57.698Z,Good (0x00000000)
2024-05-21T22:20:04.506Z,false,2024-05-21T22:19:57.802Z,2024-05-21T22:19:57.802Z,Good (0x00000000)
2024-05-21T22:21:04.047Z,false,2024-05-21T22:20:57.336Z,2024-05-21T22:20:57.336Z,Good (0x00000000)
2024-05-21T22:22:04.220Z,false,2024-05-21T22:21:57.507Z,2024-05-21T22:21:57.507Z,Good (0x00000000)
2024-05-21T22:23:04.365Z,false,2024-05-21T22:22:57.652Z,2024-05-21T22:22:57.651Z,Good (0x00000000)
2024-05-21T22:24:04.754Z,false,2024-05-21T22:23:58.040Z,2024-05-21T22:23:58.040Z,Good (0x00000000)
2024-05-21T22:25:04.468Z,false,2024-05-21T22:24:57.754Z,2024-05-21T22:24:57.754Z,Good (0x00000000)
2024-05-21T22:26:05.013Z,false,2024-05-21T22:25:58.306Z,2024-05-21T22:25:58.306Z,Good (0x00000000)
2024-05-21T22:27:04.142Z,false,2024-05-21T22:26:57.428Z,2024-05-21T22:26:57.428Z,Good (0x00000000)
2024-05-21T22:28:04.637Z,false,2024-05-21T22:27:57.925Z,2024-05-21T22:27:57.925Z,Good (0x00000000)
2024-05-21T22:29:04.441Z,false,2024-05-21T22:28:57.729Z,2024-05-21T22:28:57.728Z,Good (0x00000000)
2024-05-21T22:30:05.103Z,false,2024-05-21T22:29:58.409Z,2024-05-21T22:29:58.409Z,Good (0x00000000)
2024-05-21T22:31:04.477Z,false,2024-05-21T22:30:57.765Z,2024-05-21T22:30:57.765Z,Good (0x00000000)
2024-05-21T22:32:03.868Z,false,2024-05-21T22:31:57.154Z,2024-05-21T22:31:57.154Z,Good (0x00000000)
2024-05-21T22:33:04.401Z,false,2024-05-21T22:32:57.687Z,2024-05-21T22:32:57.687Z,Good (0x00000000)
2024-05-21T22:34:04.557Z,false,2024-05-21T22:33:57.845Z,2024-05-21T22:33:57.845Z,Good (0x00000000)
2024-05-21T22:35:04.973Z,false,2024-05-21T22:34:58.258Z,2024-05-21T22:34:58.258Z,Good (0x00000000)
2024-05-21T22:36:04.409Z,false,2024-05-21T22:35:57.701Z,2024-05-21T22:35:57.701Z,Good (0x00000000)
2024-05-21T22:37:04.119Z,false,2024-05-21T22:36:57.404Z,2024-05-21T22:36:57.404Z,Good (0x00000000)
2024-05-21T22:38:04.235Z,false,2024-05-21T22:37:57.523Z,2024-05-21T22:37:57.523Z,Good (0x00000000)
2024-05-21T22:39:04.909Z,false,2024-05-21T22:38:58.194Z,2024-05-21T22:38:58.194Z,Good (0x00000000)
2024-05-21T22:40:04.521Z,false,2024-05-21T22:39:57.803Z,2024-05-21T22:39:57.803Z,Good (0x00000000)
2024-05-21T22:41:04.167Z,false,2024-05-21T22:40:57.453Z,2024-05-21T22:40:57.453Z,Good (0x00000000)
2024-05-21T22:42:04.559Z,false,2024-05-21T22:41:57.843Z,2024-05-21T22:41:57.843Z,Good (0x00000000)
2024-05-21T22:43:04.461Z,false,2024-05-21T22:42:57.742Z,2024-05-21T22:42:57.742Z,Good (0x00000000)
2024-05-21T22:44:03.979Z,false,2024-05-21T22:43:57.260Z,2024-05-21T22:43:57.260Z,Good (0x00000000)
2024-05-21T22:45:04.352Z,false,2024-05-21T22:44:57.639Z,2024-05-21T22:44:57.639Z,Good (0x00000000)
2024-05-21T22:46:04.355Z,false,2024-05-21T22:45:57.638Z,2024-05-21T22:45:57.638Z,Good (0x00000000)
2024-05-21T22:47:04.287Z,false,2024-05-21T22:46:57.568Z,2024-05-21T22:46:57.567Z,Good (0x00000000)
2024-05-21T22:48:04.520Z,false,2024-05-21T22:47:57.803Z,2024-05-21T22:47:57.803Z,Good (0x00000000)
2024-05-21T22:49:04.200Z,false,2024-05-21T22:48:57.486Z,2024-05-21T22:48:57.486Z,Good (0x00000000)
2024-05-21T22:50:03.925Z,false,2024-05-21T22:49:57.208Z,2024-05-21T22:49:57.208Z,Good (0x00000000)
2024-05-21T22:51:04.259Z,false,2024-05-21T22:50:57.539Z,2024-05-21T22:50:57.538Z,Good (0x00000000)
2024-05-21T22:52:05.046Z,false,2024-05-21T22:51:58.327Z,2024-05-21T22:51:58.327Z,Good (0x00000000)
2024-05-21T22:53:04.060Z,false,2024-05-21T22:52:57.339Z,2024-05-21T22:52:57.339Z,Good (0x00000000)
2024-05-21T22:54:04.117Z,false,2024-05-21T22:53:57.397Z,2024-05-21T22:53:57.397Z,Good (0x00000000)
2024-05-21T22:55:04.142Z,false,2024-05-21T22:54:57.420Z,2024-05-21T22:54:57.420Z,Good (0x00000000)
2024-05-21T22:56:04.290Z,false,2024-05-21T22:55:57.569Z,2024-05-21T22:55:57.569Z,Good (0x00000000)
2024-05-21T22:57:04.754Z,false,2024-05-21T22:56:58.033Z,2024-05-21T22:56:58.033Z,Good (0x00000000)
2024-05-21T22:58:04.342Z,false,2024-05-21T22:57:57.622Z,2024-05-21T22:57:57.622Z,Good (0x00000000)
2024-05-21T22:59:04.505Z,false,2024-05-21T22:58:57.784Z,2024-05-21T22:58:57.784Z,Good (0x00000000)
2024-05-21T23:00:05.525Z,false,2024-05-21T22:59:58.803Z,2024-05-21T22:59:58.803Z,Good (0x00000000)
