2024-06-26T00:00:06.970Z,36.29999923706055,2024-06-26T00:00:06.989Z,2024-06-26T00:00:06.989Z,Good (0x00000000)
2024-06-26T00:01:05.011Z,36.29999923706055,2024-06-26T00:01:05.034Z,2024-06-26T00:01:05.034Z,Good (0x00000000)
2024-06-26T00:02:04.797Z,36.29999923706055,2024-06-26T00:02:04.820Z,2024-06-26T00:02:04.820Z,Good (0x00000000)
2024-06-26T00:03:04.356Z,36.29999923706055,2024-06-26T00:03:04.378Z,2024-06-26T00:03:04.377Z,Good (0x00000000)
2024-06-26T00:04:04.109Z,36.29999923706055,2024-06-26T00:04:04.128Z,2024-06-26T00:04:04.128Z,Good (0x00000000)
2024-06-26T00:05:04.598Z,36.29999923706055,2024-06-26T00:05:04.617Z,2024-06-26T00:05:04.617Z,Good (0x00000000)
2024-06-26T00:06:04.786Z,36.29999923706055,2024-06-26T00:06:04.805Z,2024-06-26T00:06:04.805Z,Good (0x00000000)
2024-06-26T00:07:04.432Z,36.29999923706055,2024-06-26T00:07:04.445Z,2024-06-26T00:07:04.445Z,Good (0x00000000)
2024-06-26T00:08:04.356Z,36.29999923706055,2024-06-26T00:08:04.376Z,2024-06-26T00:08:04.376Z,Good (0x00000000)
2024-06-26T00:09:04.684Z,36.29999923706055,2024-06-26T00:09:04.701Z,2024-06-26T00:09:04.700Z,Good (0x00000000)
2024-06-26T00:10:04.463Z,36.29999923706055,2024-06-26T00:10:04.476Z,2024-06-26T00:10:04.476Z,Good (0x00000000)
2024-06-26T00:11:05.017Z,36.29999923706055,2024-06-26T00:11:05.031Z,2024-06-26T00:11:05.031Z,Good (0x00000000)
2024-06-26T00:12:04.932Z,36.29999923706055,2024-06-26T00:12:04.946Z,2024-06-26T00:12:04.946Z,Good (0x00000000)
2024-06-26T00:13:05.252Z,36.29999923706055,2024-06-26T00:13:05.265Z,2024-06-26T00:13:05.265Z,Good (0x00000000)
2024-06-26T00:14:05.013Z,36.29999923706055,2024-06-26T00:14:05.028Z,2024-06-26T00:14:05.028Z,Good (0x00000000)
2024-06-26T00:15:05.027Z,36.29999923706055,2024-06-26T00:15:05.042Z,2024-06-26T00:15:05.042Z,Good (0x00000000)
2024-06-26T00:16:04.719Z,36.29999923706055,2024-06-26T00:16:04.732Z,2024-06-26T00:16:04.732Z,Good (0x00000000)
2024-06-26T00:17:04.646Z,36.29999923706055,2024-06-26T00:17:04.663Z,2024-06-26T00:17:04.663Z,Good (0x00000000)
2024-06-26T00:18:04.692Z,36.29999923706055,2024-06-26T00:18:04.705Z,2024-06-26T00:18:04.705Z,Good (0x00000000)
2024-06-26T00:19:04.963Z,36.36000061035156,2024-06-26T00:19:04.978Z,2024-06-26T00:19:04.978Z,Good (0x00000000)
2024-06-26T00:20:04.677Z,36.33000183105469,2024-06-26T00:20:04.693Z,2024-06-26T00:20:04.693Z,Good (0x00000000)
2024-06-26T00:21:04.117Z,36.36000061035156,2024-06-26T00:21:04.132Z,2024-06-26T00:21:04.132Z,Good (0x00000000)
2024-06-26T00:22:04.806Z,36.36000061035156,2024-06-26T00:22:04.821Z,2024-06-26T00:22:04.820Z,Good (0x00000000)
2024-06-26T00:23:04.910Z,36.38999938964844,2024-06-26T00:23:04.924Z,2024-06-26T00:23:04.924Z,Good (0x00000000)
2024-06-26T00:24:04.731Z,36.33000183105469,2024-06-26T00:24:04.746Z,2024-06-26T00:24:04.746Z,Good (0x00000000)
2024-06-26T00:25:04.804Z,36.38999938964844,2024-06-26T00:25:04.818Z,2024-06-26T00:25:04.818Z,Good (0x00000000)
2024-06-26T00:26:05.312Z,36.41999816894531,2024-06-26T00:26:05.327Z,2024-06-26T00:26:05.327Z,Good (0x00000000)
2024-06-26T00:27:04.943Z,36.41999816894531,2024-06-26T00:27:04.958Z,2024-06-26T00:27:04.958Z,Good (0x00000000)
2024-06-26T00:28:04.759Z,36.38999938964844,2024-06-26T00:28:04.774Z,2024-06-26T00:28:04.774Z,Good (0x00000000)
2024-06-26T00:29:04.697Z,36.41999816894531,2024-06-26T00:29:04.711Z,2024-06-26T00:29:04.711Z,Good (0x00000000)
2024-06-26T00:30:05.006Z,36.41999816894531,2024-06-26T00:30:05.021Z,2024-06-26T00:30:05.021Z,Good (0x00000000)
2024-06-26T00:31:04.148Z,36.40999984741211,2024-06-26T00:31:04.163Z,2024-06-26T00:31:04.163Z,Good (0x00000000)
2024-06-26T00:32:04.720Z,36.38999938964844,2024-06-26T00:32:04.733Z,2024-06-26T00:32:04.733Z,Good (0x00000000)
2024-06-26T00:33:04.731Z,36.33000183105469,2024-06-26T00:33:04.746Z,2024-06-26T00:33:04.746Z,Good (0x00000000)
2024-06-26T00:34:04.397Z,36.380001068115234,2024-06-26T00:34:04.411Z,2024-06-26T00:34:04.411Z,Good (0x00000000)
2024-06-26T00:35:04.780Z,36.36000061035156,2024-06-26T00:35:04.794Z,2024-06-26T00:35:04.794Z,Good (0x00000000)
2024-06-26T00:36:04.323Z,36.36000061035156,2024-06-26T00:36:04.348Z,2024-06-26T00:36:04.348Z,Good (0x00000000)
2024-06-26T00:37:04.403Z,36.400001525878906,2024-06-26T00:37:04.418Z,2024-06-26T00:37:04.418Z,Good (0x00000000)
2024-06-26T00:38:03.980Z,36.41999816894531,2024-06-26T00:38:03.995Z,2024-06-26T00:38:03.995Z,Good (0x00000000)
2024-06-26T00:39:05.240Z,36.38999938964844,2024-06-26T00:39:05.256Z,2024-06-26T00:39:05.255Z,Good (0x00000000)
2024-06-26T00:40:04.780Z,36.38999938964844,2024-06-26T00:40:04.794Z,2024-06-26T00:40:04.794Z,Good (0x00000000)
2024-06-26T00:41:04.753Z,36.380001068115234,2024-06-26T00:41:04.768Z,2024-06-26T00:41:04.768Z,Good (0x00000000)
2024-06-26T00:42:05.512Z,36.349998474121094,2024-06-26T00:42:05.528Z,2024-06-26T00:42:05.528Z,Good (0x00000000)
2024-06-26T00:43:04.682Z,36.34000015258789,2024-06-26T00:43:04.698Z,2024-06-26T00:43:04.697Z,Good (0x00000000)
2024-06-26T00:44:04.552Z,36.33000183105469,2024-06-26T00:44:04.566Z,2024-06-26T00:44:04.566Z,Good (0x00000000)
2024-06-26T00:45:04.650Z,36.33000183105469,2024-06-26T00:45:04.664Z,2024-06-26T00:45:04.664Z,Good (0x00000000)
2024-06-26T00:46:04.121Z,36.33000183105469,2024-06-26T00:46:04.136Z,2024-06-26T00:46:04.136Z,Good (0x00000000)
2024-06-26T00:47:04.783Z,36.33000183105469,2024-06-26T00:47:04.797Z,2024-06-26T00:47:04.797Z,Good (0x00000000)
2024-06-26T00:48:04.354Z,36.29999923706055,2024-06-26T00:48:04.368Z,2024-06-26T00:48:04.368Z,Good (0x00000000)
2024-06-26T00:49:05.021Z,36.29999923706055,2024-06-26T00:49:05.034Z,2024-06-26T00:49:05.034Z,Good (0x00000000)
2024-06-26T00:50:04.815Z,36.29999923706055,2024-06-26T00:50:04.829Z,2024-06-26T00:50:04.829Z,Good (0x00000000)
2024-06-26T00:51:04.633Z,36.29999923706055,2024-06-26T00:51:04.648Z,2024-06-26T00:51:04.648Z,Good (0x00000000)
2024-06-26T00:52:05.017Z,36.29999923706055,2024-06-26T00:52:05.032Z,2024-06-26T00:52:05.032Z,Good (0x00000000)
2024-06-26T00:53:05.109Z,36.29999923706055,2024-06-26T00:53:05.123Z,2024-06-26T00:53:05.123Z,Good (0x00000000)
2024-06-26T00:54:04.286Z,36.29999923706055,2024-06-26T00:54:04.300Z,2024-06-26T00:54:04.300Z,Good (0x00000000)
2024-06-26T00:55:04.587Z,36.29999923706055,2024-06-26T00:55:04.611Z,2024-06-26T00:55:04.611Z,Good (0x00000000)
2024-06-26T00:56:04.746Z,36.29999923706055,2024-06-26T00:56:04.760Z,2024-06-26T00:56:04.760Z,Good (0x00000000)
2024-06-26T00:57:04.305Z,36.29999923706055,2024-06-26T00:57:04.320Z,2024-06-26T00:57:04.320Z,Good (0x00000000)
2024-06-26T00:58:04.309Z,36.29999923706055,2024-06-26T00:58:04.321Z,2024-06-26T00:58:04.321Z,Good (0x00000000)
2024-06-26T00:59:04.472Z,36.29999923706055,2024-06-26T00:59:04.487Z,2024-06-26T00:59:04.487Z,Good (0x00000000)
2024-06-26T01:00:06.857Z,36.29999923706055,2024-06-26T01:00:06.874Z,2024-06-26T01:00:06.874Z,Good (0x00000000)
2024-06-26T01:01:04.643Z,36.29999923706055,2024-06-26T01:01:04.657Z,2024-06-26T01:01:04.657Z,Good (0x00000000)
2024-06-26T01:02:04.464Z,36.29999923706055,2024-06-26T01:02:04.477Z,2024-06-26T01:02:04.477Z,Good (0x00000000)
2024-06-26T01:03:04.247Z,36.29999923706055,2024-06-26T01:03:04.261Z,2024-06-26T01:03:04.261Z,Good (0x00000000)
2024-06-26T01:04:04.739Z,36.29999923706055,2024-06-26T01:04:04.753Z,2024-06-26T01:04:04.753Z,Good (0x00000000)
2024-06-26T01:05:04.807Z,36.29999923706055,2024-06-26T01:05:04.820Z,2024-06-26T01:05:04.820Z,Good (0x00000000)
2024-06-26T01:06:05.279Z,36.29999923706055,2024-06-26T01:06:05.292Z,2024-06-26T01:06:05.292Z,Good (0x00000000)
2024-06-26T01:07:04.919Z,36.29999923706055,2024-06-26T01:07:04.932Z,2024-06-26T01:07:04.932Z,Good (0x00000000)
2024-06-26T01:08:04.136Z,36.29999923706055,2024-06-26T01:08:04.151Z,2024-06-26T01:08:04.151Z,Good (0x00000000)
2024-06-26T01:09:04.218Z,36.29999923706055,2024-06-26T01:09:04.232Z,2024-06-26T01:09:04.232Z,Good (0x00000000)
2024-06-26T01:10:04.604Z,36.29999923706055,2024-06-26T01:10:04.619Z,2024-06-26T01:10:04.619Z,Good (0x00000000)
2024-06-26T01:11:04.382Z,36.2400016784668,2024-06-26T01:11:04.394Z,2024-06-26T01:11:04.394Z,Good (0x00000000)
2024-06-26T01:12:04.820Z,36.27000045776367,2024-06-26T01:12:04.833Z,2024-06-26T01:12:04.833Z,Good (0x00000000)
2024-06-26T01:13:04.709Z,36.220001220703125,2024-06-26T01:13:04.721Z,2024-06-26T01:13:04.721Z,Good (0x00000000)
2024-06-26T01:14:04.813Z,36.16999816894531,2024-06-26T01:14:04.833Z,2024-06-26T01:14:04.833Z,Good (0x00000000)
2024-06-26T01:15:05.004Z,36.16999816894531,2024-06-26T01:15:05.017Z,2024-06-26T01:15:05.017Z,Good (0x00000000)
2024-06-26T01:16:03.748Z,36.16999816894531,2024-06-26T01:16:03.761Z,2024-06-26T01:16:03.761Z,Good (0x00000000)
2024-06-26T01:17:04.769Z,36.16999816894531,2024-06-26T01:17:04.781Z,2024-06-26T01:17:04.781Z,Good (0x00000000)
2024-06-26T01:18:04.796Z,36.16999816894531,2024-06-26T01:18:04.808Z,2024-06-26T01:18:04.808Z,Good (0x00000000)
2024-06-26T01:19:04.626Z,36.16999816894531,2024-06-26T01:19:04.638Z,2024-06-26T01:19:04.638Z,Good (0x00000000)
2024-06-26T01:20:04.343Z,36.16999816894531,2024-06-26T01:20:04.356Z,2024-06-26T01:20:04.356Z,Good (0x00000000)
2024-06-26T01:21:04.163Z,36.16999816894531,2024-06-26T01:21:04.176Z,2024-06-26T01:21:04.176Z,Good (0x00000000)
2024-06-26T01:22:04.397Z,36.16999816894531,2024-06-26T01:22:04.409Z,2024-06-26T01:22:04.409Z,Good (0x00000000)
2024-06-26T01:23:05.050Z,36.16999816894531,2024-06-26T01:23:05.065Z,2024-06-26T01:23:05.065Z,Good (0x00000000)
2024-06-26T01:24:04.247Z,36.16999816894531,2024-06-26T01:24:04.259Z,2024-06-26T01:24:04.259Z,Good (0x00000000)
2024-06-26T01:25:04.370Z,36.16999816894531,2024-06-26T01:25:04.383Z,2024-06-26T01:25:04.383Z,Good (0x00000000)
2024-06-26T01:26:05.107Z,36.16999816894531,2024-06-26T01:26:05.119Z,2024-06-26T01:26:05.119Z,Good (0x00000000)
2024-06-26T01:27:04.427Z,36.16999816894531,2024-06-26T01:27:04.440Z,2024-06-26T01:27:04.440Z,Good (0x00000000)
2024-06-26T01:28:04.550Z,36.16999816894531,2024-06-26T01:28:04.563Z,2024-06-26T01:28:04.563Z,Good (0x00000000)
2024-06-26T01:29:04.984Z,36.16999816894531,2024-06-26T01:29:04.998Z,2024-06-26T01:29:04.998Z,Good (0x00000000)
2024-06-26T01:30:05.189Z,36.16999816894531,2024-06-26T01:30:05.202Z,2024-06-26T01:30:05.202Z,Good (0x00000000)
2024-06-26T01:31:04.542Z,36.16999816894531,2024-06-26T01:31:04.554Z,2024-06-26T01:31:04.554Z,Good (0x00000000)
2024-06-26T01:32:04.590Z,36.16999816894531,2024-06-26T01:32:04.602Z,2024-06-26T01:32:04.602Z,Good (0x00000000)
2024-06-26T01:33:04.714Z,36.16999816894531,2024-06-26T01:33:04.727Z,2024-06-26T01:33:04.727Z,Good (0x00000000)
2024-06-26T01:34:04.191Z,36.16999816894531,2024-06-26T01:34:04.204Z,2024-06-26T01:34:04.203Z,Good (0x00000000)
2024-06-26T01:35:04.759Z,36.08000183105469,2024-06-26T01:35:04.771Z,2024-06-26T01:35:04.771Z,Good (0x00000000)
2024-06-26T01:36:04.918Z,36.08000183105469,2024-06-26T01:36:04.930Z,2024-06-26T01:36:04.930Z,Good (0x00000000)
2024-06-26T01:37:04.360Z,36.060001373291016,2024-06-26T01:37:04.373Z,2024-06-26T01:37:04.373Z,Good (0x00000000)
2024-06-26T01:38:04.686Z,36.060001373291016,2024-06-26T01:38:04.697Z,2024-06-26T01:38:04.697Z,Good (0x00000000)
2024-06-26T01:39:05.060Z,36.060001373291016,2024-06-26T01:39:05.072Z,2024-06-26T01:39:05.072Z,Good (0x00000000)
2024-06-26T01:40:04.856Z,36.060001373291016,2024-06-26T01:40:04.872Z,2024-06-26T01:40:04.872Z,Good (0x00000000)
2024-06-26T01:41:04.375Z,36.060001373291016,2024-06-26T01:41:04.389Z,2024-06-26T01:41:04.389Z,Good (0x00000000)
2024-06-26T01:42:04.743Z,36.060001373291016,2024-06-26T01:42:04.756Z,2024-06-26T01:42:04.756Z,Good (0x00000000)
2024-06-26T01:43:04.467Z,36.060001373291016,2024-06-26T01:43:04.480Z,2024-06-26T01:43:04.480Z,Good (0x00000000)
2024-06-26T01:44:04.383Z,36.060001373291016,2024-06-26T01:44:04.394Z,2024-06-26T01:44:04.394Z,Good (0x00000000)
2024-06-26T01:45:04.324Z,36.060001373291016,2024-06-26T01:45:04.337Z,2024-06-26T01:45:04.337Z,Good (0x00000000)
2024-06-26T01:46:04.443Z,36.060001373291016,2024-06-26T01:46:04.454Z,2024-06-26T01:46:04.454Z,Good (0x00000000)
2024-06-26T01:47:04.375Z,36.060001373291016,2024-06-26T01:47:04.387Z,2024-06-26T01:47:04.387Z,Good (0x00000000)
2024-06-26T01:48:04.556Z,36.060001373291016,2024-06-26T01:48:04.568Z,2024-06-26T01:48:04.568Z,Good (0x00000000)
2024-06-26T01:49:03.934Z,36.060001373291016,2024-06-26T01:49:03.946Z,2024-06-26T01:49:03.946Z,Good (0x00000000)
2024-06-26T01:50:03.999Z,36.060001373291016,2024-06-26T01:50:04.012Z,2024-06-26T01:50:04.012Z,Good (0x00000000)
2024-06-26T01:51:04.372Z,36.060001373291016,2024-06-26T01:51:04.384Z,2024-06-26T01:51:04.384Z,Good (0x00000000)
2024-06-26T01:52:05.498Z,36.060001373291016,2024-06-26T01:52:05.511Z,2024-06-26T01:52:05.511Z,Good (0x00000000)
2024-06-26T01:53:03.976Z,36.060001373291016,2024-06-26T01:53:03.988Z,2024-06-26T01:53:03.988Z,Good (0x00000000)
2024-06-26T01:54:04.748Z,36.060001373291016,2024-06-26T01:54:04.760Z,2024-06-26T01:54:04.760Z,Good (0x00000000)
2024-06-26T01:55:04.661Z,36.060001373291016,2024-06-26T01:55:04.674Z,2024-06-26T01:55:04.674Z,Good (0x00000000)
2024-06-26T01:56:04.575Z,36.060001373291016,2024-06-26T01:56:04.587Z,2024-06-26T01:56:04.587Z,Good (0x00000000)
2024-06-26T01:57:04.847Z,36.029998779296875,2024-06-26T01:57:04.859Z,2024-06-26T01:57:04.859Z,Good (0x00000000)
2024-06-26T01:58:04.626Z,36.029998779296875,2024-06-26T01:58:04.639Z,2024-06-26T01:58:04.639Z,Good (0x00000000)
2024-06-26T01:59:03.989Z,35.970001220703125,2024-06-26T01:59:04.003Z,2024-06-26T01:59:04.003Z,Good (0x00000000)
2024-06-26T02:00:08.012Z,36,2024-06-26T02:00:08.026Z,2024-06-26T02:00:08.026Z,Good (0x00000000)
2024-06-26T02:01:04.682Z,35.95000076293945,2024-06-26T02:01:04.696Z,2024-06-26T02:01:04.696Z,Good (0x00000000)
2024-06-26T02:02:04.736Z,35.95000076293945,2024-06-26T02:02:04.752Z,2024-06-26T02:02:04.751Z,Good (0x00000000)
2024-06-26T02:03:04.483Z,35.95000076293945,2024-06-26T02:03:04.497Z,2024-06-26T02:03:04.497Z,Good (0x00000000)
2024-06-26T02:04:04.611Z,35.95000076293945,2024-06-26T02:04:04.623Z,2024-06-26T02:04:04.623Z,Good (0x00000000)
2024-06-26T02:05:04.839Z,35.95000076293945,2024-06-26T02:05:04.852Z,2024-06-26T02:05:04.852Z,Good (0x00000000)
2024-06-26T02:06:05.043Z,35.84000015258789,2024-06-26T02:06:05.059Z,2024-06-26T02:06:05.059Z,Good (0x00000000)
2024-06-26T02:07:05.073Z,35.810001373291016,2024-06-26T02:07:05.098Z,2024-06-26T02:07:05.098Z,Good (0x00000000)
2024-06-26T02:08:04.664Z,35.810001373291016,2024-06-26T02:08:04.678Z,2024-06-26T02:08:04.678Z,Good (0x00000000)
2024-06-26T02:09:04.621Z,35.810001373291016,2024-06-26T02:09:04.633Z,2024-06-26T02:09:04.633Z,Good (0x00000000)
2024-06-26T02:10:05.234Z,35.810001373291016,2024-06-26T02:10:05.248Z,2024-06-26T02:10:05.248Z,Good (0x00000000)
2024-06-26T02:11:04.732Z,35.810001373291016,2024-06-26T02:11:04.746Z,2024-06-26T02:11:04.746Z,Good (0x00000000)
2024-06-26T02:12:05.098Z,35.75,2024-06-26T02:12:05.111Z,2024-06-26T02:12:05.111Z,Good (0x00000000)
2024-06-26T02:13:05.194Z,35.689998626708984,2024-06-26T02:13:05.206Z,2024-06-26T02:13:05.206Z,Good (0x00000000)
2024-06-26T02:14:04.553Z,35.689998626708984,2024-06-26T02:14:04.566Z,2024-06-26T02:14:04.566Z,Good (0x00000000)
2024-06-26T02:15:04.753Z,35.689998626708984,2024-06-26T02:15:04.766Z,2024-06-26T02:15:04.766Z,Good (0x00000000)
2024-06-26T02:16:04.805Z,35.689998626708984,2024-06-26T02:16:04.818Z,2024-06-26T02:16:04.818Z,Good (0x00000000)
2024-06-26T02:17:04.753Z,35.689998626708984,2024-06-26T02:17:04.766Z,2024-06-26T02:17:04.766Z,Good (0x00000000)
2024-06-26T02:18:05.340Z,35.689998626708984,2024-06-26T02:18:05.354Z,2024-06-26T02:18:05.354Z,Good (0x00000000)
2024-06-26T02:19:04.344Z,35.61000061035156,2024-06-26T02:19:04.359Z,2024-06-26T02:19:04.359Z,Good (0x00000000)
2024-06-26T02:20:05.103Z,35.59000015258789,2024-06-26T02:20:05.117Z,2024-06-26T02:20:05.117Z,Good (0x00000000)
2024-06-26T02:21:03.757Z,35.58000183105469,2024-06-26T02:21:03.770Z,2024-06-26T02:21:03.770Z,Good (0x00000000)
2024-06-26T02:22:04.309Z,35.58000183105469,2024-06-26T02:22:04.322Z,2024-06-26T02:22:04.322Z,Good (0x00000000)
2024-06-26T02:23:04.088Z,35.58000183105469,2024-06-26T02:23:04.102Z,2024-06-26T02:23:04.102Z,Good (0x00000000)
2024-06-26T02:24:04.719Z,35.58000183105469,2024-06-26T02:24:04.731Z,2024-06-26T02:24:04.731Z,Good (0x00000000)
2024-06-26T02:25:04.416Z,35.58000183105469,2024-06-26T02:25:04.428Z,2024-06-26T02:25:04.428Z,Good (0x00000000)
2024-06-26T02:26:04.797Z,35.58000183105469,2024-06-26T02:26:04.811Z,2024-06-26T02:26:04.810Z,Good (0x00000000)
2024-06-26T02:27:04.314Z,35.54999923706055,2024-06-26T02:27:04.328Z,2024-06-26T02:27:04.328Z,Good (0x00000000)
2024-06-26T02:28:04.943Z,35.470001220703125,2024-06-26T02:28:04.957Z,2024-06-26T02:28:04.957Z,Good (0x00000000)
2024-06-26T02:29:04.185Z,35.470001220703125,2024-06-26T02:29:04.199Z,2024-06-26T02:29:04.199Z,Good (0x00000000)
2024-06-26T02:30:04.961Z,35.470001220703125,2024-06-26T02:30:04.976Z,2024-06-26T02:30:04.976Z,Good (0x00000000)
2024-06-26T02:31:04.608Z,35.470001220703125,2024-06-26T02:31:04.623Z,2024-06-26T02:31:04.623Z,Good (0x00000000)
2024-06-26T02:32:04.698Z,35.470001220703125,2024-06-26T02:32:04.712Z,2024-06-26T02:32:04.712Z,Good (0x00000000)
2024-06-26T02:33:04.263Z,35.470001220703125,2024-06-26T02:33:04.276Z,2024-06-26T02:33:04.276Z,Good (0x00000000)
2024-06-26T02:34:04.252Z,35.470001220703125,2024-06-26T02:34:04.264Z,2024-06-26T02:34:04.264Z,Good (0x00000000)
2024-06-26T02:35:04.548Z,35.470001220703125,2024-06-26T02:35:04.562Z,2024-06-26T02:35:04.562Z,Good (0x00000000)
2024-06-26T02:36:04.767Z,35.470001220703125,2024-06-26T02:36:04.781Z,2024-06-26T02:36:04.781Z,Good (0x00000000)
2024-06-26T02:37:04.385Z,35.470001220703125,2024-06-26T02:37:04.400Z,2024-06-26T02:37:04.400Z,Good (0x00000000)
2024-06-26T02:38:04.443Z,35.470001220703125,2024-06-26T02:38:04.460Z,2024-06-26T02:38:04.460Z,Good (0x00000000)
2024-06-26T02:39:05.300Z,35.470001220703125,2024-06-26T02:39:05.314Z,2024-06-26T02:39:05.314Z,Good (0x00000000)
2024-06-26T02:40:04.699Z,35.470001220703125,2024-06-26T02:40:04.717Z,2024-06-26T02:40:04.717Z,Good (0x00000000)
2024-06-26T02:41:04.853Z,35.470001220703125,2024-06-26T02:41:04.867Z,2024-06-26T02:41:04.867Z,Good (0x00000000)
2024-06-26T02:42:05.265Z,35.470001220703125,2024-06-26T02:42:05.277Z,2024-06-26T02:42:05.277Z,Good (0x00000000)
2024-06-26T02:43:04.835Z,35.470001220703125,2024-06-26T02:43:04.848Z,2024-06-26T02:43:04.848Z,Good (0x00000000)
2024-06-26T02:44:04.309Z,35.470001220703125,2024-06-26T02:44:04.322Z,2024-06-26T02:44:04.322Z,Good (0x00000000)
2024-06-26T02:45:04.344Z,35.470001220703125,2024-06-26T02:45:04.358Z,2024-06-26T02:45:04.358Z,Good (0x00000000)
2024-06-26T02:46:04.346Z,35.470001220703125,2024-06-26T02:46:04.362Z,2024-06-26T02:46:04.362Z,Good (0x00000000)
2024-06-26T02:47:04.358Z,35.470001220703125,2024-06-26T02:47:04.372Z,2024-06-26T02:47:04.371Z,Good (0x00000000)
2024-06-26T02:48:04.736Z,35.470001220703125,2024-06-26T02:48:04.750Z,2024-06-26T02:48:04.750Z,Good (0x00000000)
2024-06-26T02:49:04.740Z,35.470001220703125,2024-06-26T02:49:04.754Z,2024-06-26T02:49:04.754Z,Good (0x00000000)
2024-06-26T02:50:04.995Z,35.470001220703125,2024-06-26T02:50:05.008Z,2024-06-26T02:50:05.008Z,Good (0x00000000)
2024-06-26T02:51:04.869Z,35.470001220703125,2024-06-26T02:51:04.882Z,2024-06-26T02:51:04.882Z,Good (0x00000000)
2024-06-26T02:52:04.876Z,35.470001220703125,2024-06-26T02:52:04.890Z,2024-06-26T02:52:04.890Z,Good (0x00000000)
2024-06-26T02:53:05.136Z,35.470001220703125,2024-06-26T02:53:05.150Z,2024-06-26T02:53:05.150Z,Good (0x00000000)
2024-06-26T02:54:04.473Z,35.470001220703125,2024-06-26T02:54:04.489Z,2024-06-26T02:54:04.489Z,Good (0x00000000)
2024-06-26T02:55:04.930Z,35.470001220703125,2024-06-26T02:55:04.943Z,2024-06-26T02:55:04.943Z,Good (0x00000000)
2024-06-26T02:56:04.628Z,35.470001220703125,2024-06-26T02:56:04.642Z,2024-06-26T02:56:04.642Z,Good (0x00000000)
2024-06-26T02:57:04.169Z,35.470001220703125,2024-06-26T02:57:04.182Z,2024-06-26T02:57:04.182Z,Good (0x00000000)
2024-06-26T02:58:04.656Z,35.470001220703125,2024-06-26T02:58:04.669Z,2024-06-26T02:58:04.669Z,Good (0x00000000)
2024-06-26T02:59:04.563Z,35.470001220703125,2024-06-26T02:59:04.577Z,2024-06-26T02:59:04.577Z,Good (0x00000000)
2024-06-26T03:00:07.050Z,35.470001220703125,2024-06-26T03:00:07.065Z,2024-06-26T03:00:07.065Z,Good (0x00000000)
2024-06-26T03:01:04.958Z,35.470001220703125,2024-06-26T03:01:04.972Z,2024-06-26T03:01:04.972Z,Good (0x00000000)
2024-06-26T03:02:04.247Z,35.470001220703125,2024-06-26T03:02:04.265Z,2024-06-26T03:02:04.265Z,Good (0x00000000)
2024-06-26T03:03:04.222Z,35.4900016784668,2024-06-26T03:03:04.236Z,2024-06-26T03:03:04.236Z,Good (0x00000000)
2024-06-26T03:04:04.384Z,35.540000915527344,2024-06-26T03:04:04.397Z,2024-06-26T03:04:04.397Z,Good (0x00000000)
2024-06-26T03:05:04.037Z,35.58000183105469,2024-06-26T03:05:04.050Z,2024-06-26T03:05:04.050Z,Good (0x00000000)
2024-06-26T03:06:04.994Z,35.58000183105469,2024-06-26T03:06:05.008Z,2024-06-26T03:06:05.008Z,Good (0x00000000)
2024-06-26T03:07:04.490Z,35.58000183105469,2024-06-26T03:07:04.504Z,2024-06-26T03:07:04.504Z,Good (0x00000000)
2024-06-26T03:08:04.600Z,35.58000183105469,2024-06-26T03:08:04.613Z,2024-06-26T03:08:04.613Z,Good (0x00000000)
2024-06-26T03:09:04.814Z,35.58000183105469,2024-06-26T03:09:04.827Z,2024-06-26T03:09:04.826Z,Good (0x00000000)
2024-06-26T03:10:04.679Z,35.58000183105469,2024-06-26T03:10:04.694Z,2024-06-26T03:10:04.694Z,Good (0x00000000)
2024-06-26T03:11:04.448Z,35.58000183105469,2024-06-26T03:11:04.461Z,2024-06-26T03:11:04.461Z,Good (0x00000000)
2024-06-26T03:12:05.057Z,35.58000183105469,2024-06-26T03:12:05.071Z,2024-06-26T03:12:05.071Z,Good (0x00000000)
2024-06-26T03:13:05.289Z,35.58000183105469,2024-06-26T03:13:05.302Z,2024-06-26T03:13:05.302Z,Good (0x00000000)
2024-06-26T03:14:04.616Z,35.59000015258789,2024-06-26T03:14:04.629Z,2024-06-26T03:14:04.629Z,Good (0x00000000)
2024-06-26T03:15:04.988Z,35.650001525878906,2024-06-26T03:15:05.001Z,2024-06-26T03:15:05.001Z,Good (0x00000000)
2024-06-26T03:16:04.941Z,35.689998626708984,2024-06-26T03:16:04.954Z,2024-06-26T03:16:04.954Z,Good (0x00000000)
2024-06-26T03:17:04.524Z,35.689998626708984,2024-06-26T03:17:04.538Z,2024-06-26T03:17:04.538Z,Good (0x00000000)
2024-06-26T03:18:04.456Z,35.689998626708984,2024-06-26T03:18:04.470Z,2024-06-26T03:18:04.470Z,Good (0x00000000)
2024-06-26T03:19:04.090Z,35.689998626708984,2024-06-26T03:19:04.103Z,2024-06-26T03:19:04.103Z,Good (0x00000000)
2024-06-26T03:20:04.724Z,35.689998626708984,2024-06-26T03:20:04.737Z,2024-06-26T03:20:04.737Z,Good (0x00000000)
2024-06-26T03:21:04.665Z,35.65999984741211,2024-06-26T03:21:04.678Z,2024-06-26T03:21:04.678Z,Good (0x00000000)
2024-06-26T03:22:05.139Z,35.58000183105469,2024-06-26T03:22:05.153Z,2024-06-26T03:22:05.153Z,Good (0x00000000)
2024-06-26T03:23:04.613Z,35.58000183105469,2024-06-26T03:23:04.626Z,2024-06-26T03:23:04.626Z,Good (0x00000000)
2024-06-26T03:24:04.835Z,35.58000183105469,2024-06-26T03:24:04.849Z,2024-06-26T03:24:04.849Z,Good (0x00000000)
2024-06-26T03:25:05.092Z,35.59000015258789,2024-06-26T03:25:05.106Z,2024-06-26T03:25:05.106Z,Good (0x00000000)
2024-06-26T03:26:05.210Z,35.58000183105469,2024-06-26T03:26:05.223Z,2024-06-26T03:26:05.223Z,Good (0x00000000)
2024-06-26T03:27:05.147Z,35.59000015258789,2024-06-26T03:27:05.160Z,2024-06-26T03:27:05.160Z,Good (0x00000000)
2024-06-26T03:28:04.699Z,35.59000015258789,2024-06-26T03:28:04.712Z,2024-06-26T03:28:04.712Z,Good (0x00000000)
2024-06-26T03:29:04.471Z,35.59000015258789,2024-06-26T03:29:04.484Z,2024-06-26T03:29:04.483Z,Good (0x00000000)
2024-06-26T03:30:05.116Z,35.61000061035156,2024-06-26T03:30:05.130Z,2024-06-26T03:30:05.130Z,Good (0x00000000)
2024-06-26T03:31:04.812Z,35.65999984741211,2024-06-26T03:31:04.825Z,2024-06-26T03:31:04.825Z,Good (0x00000000)
2024-06-26T03:32:04.718Z,35.63999938964844,2024-06-26T03:32:04.732Z,2024-06-26T03:32:04.731Z,Good (0x00000000)
2024-06-26T03:33:04.467Z,35.689998626708984,2024-06-26T03:33:04.482Z,2024-06-26T03:33:04.482Z,Good (0x00000000)
2024-06-26T03:34:04.412Z,35.689998626708984,2024-06-26T03:34:04.425Z,2024-06-26T03:34:04.424Z,Good (0x00000000)
2024-06-26T03:35:04.996Z,35.689998626708984,2024-06-26T03:35:05.011Z,2024-06-26T03:35:05.011Z,Good (0x00000000)
2024-06-26T03:36:05.095Z,35.689998626708984,2024-06-26T03:36:05.110Z,2024-06-26T03:36:05.110Z,Good (0x00000000)
2024-06-26T03:37:04.683Z,35.689998626708984,2024-06-26T03:37:04.699Z,2024-06-26T03:37:04.699Z,Good (0x00000000)
2024-06-26T03:38:04.406Z,35.689998626708984,2024-06-26T03:38:04.421Z,2024-06-26T03:38:04.420Z,Good (0x00000000)
2024-06-26T03:39:04.822Z,35.689998626708984,2024-06-26T03:39:04.838Z,2024-06-26T03:39:04.838Z,Good (0x00000000)
2024-06-26T03:40:05.040Z,35.689998626708984,2024-06-26T03:40:05.053Z,2024-06-26T03:40:05.053Z,Good (0x00000000)
2024-06-26T03:41:04.826Z,35.689998626708984,2024-06-26T03:41:04.851Z,2024-06-26T03:41:04.850Z,Good (0x00000000)
2024-06-26T03:42:04.925Z,35.689998626708984,2024-06-26T03:42:04.941Z,2024-06-26T03:42:04.941Z,Good (0x00000000)
2024-06-26T03:43:04.447Z,35.689998626708984,2024-06-26T03:43:04.462Z,2024-06-26T03:43:04.462Z,Good (0x00000000)
2024-06-26T03:44:04.163Z,35.689998626708984,2024-06-26T03:44:04.179Z,2024-06-26T03:44:04.179Z,Good (0x00000000)
2024-06-26T03:45:05.143Z,35.689998626708984,2024-06-26T03:45:05.159Z,2024-06-26T03:45:05.159Z,Good (0x00000000)
2024-06-26T03:46:04.745Z,35.689998626708984,2024-06-26T03:46:04.761Z,2024-06-26T03:46:04.761Z,Good (0x00000000)
2024-06-26T03:47:04.356Z,35.689998626708984,2024-06-26T03:47:04.371Z,2024-06-26T03:47:04.370Z,Good (0x00000000)
2024-06-26T03:48:04.698Z,35.689998626708984,2024-06-26T03:48:04.713Z,2024-06-26T03:48:04.713Z,Good (0x00000000)
2024-06-26T03:49:04.165Z,35.689998626708984,2024-06-26T03:49:04.180Z,2024-06-26T03:49:04.180Z,Good (0x00000000)
2024-06-26T03:50:04.831Z,35.689998626708984,2024-06-26T03:50:04.847Z,2024-06-26T03:50:04.847Z,Good (0x00000000)
2024-06-26T03:51:04.979Z,35.720001220703125,2024-06-26T03:51:04.994Z,2024-06-26T03:51:04.994Z,Good (0x00000000)
2024-06-26T03:52:05.165Z,35.779998779296875,2024-06-26T03:52:05.181Z,2024-06-26T03:52:05.181Z,Good (0x00000000)
2024-06-26T03:53:04.473Z,35.810001373291016,2024-06-26T03:53:04.489Z,2024-06-26T03:53:04.489Z,Good (0x00000000)
2024-06-26T03:54:04.749Z,35.810001373291016,2024-06-26T03:54:04.764Z,2024-06-26T03:54:04.764Z,Good (0x00000000)
2024-06-26T03:55:04.371Z,35.810001373291016,2024-06-26T03:55:04.387Z,2024-06-26T03:55:04.387Z,Good (0x00000000)
2024-06-26T03:56:04.573Z,35.810001373291016,2024-06-26T03:56:04.589Z,2024-06-26T03:56:04.589Z,Good (0x00000000)
2024-06-26T03:57:04.494Z,35.810001373291016,2024-06-26T03:57:04.510Z,2024-06-26T03:57:04.509Z,Good (0x00000000)
2024-06-26T03:58:04.316Z,35.810001373291016,2024-06-26T03:58:04.333Z,2024-06-26T03:58:04.333Z,Good (0x00000000)
2024-06-26T03:59:04.284Z,35.810001373291016,2024-06-26T03:59:04.300Z,2024-06-26T03:59:04.300Z,Good (0x00000000)
2024-06-26T04:00:06.487Z,35.95000076293945,2024-06-26T04:00:06.506Z,2024-06-26T04:00:06.506Z,Good (0x00000000)
2024-06-26T04:01:05.249Z,35.95000076293945,2024-06-26T04:01:05.263Z,2024-06-26T04:01:05.263Z,Good (0x00000000)
2024-06-26T04:02:04.152Z,35.95000076293945,2024-06-26T04:02:04.168Z,2024-06-26T04:02:04.168Z,Good (0x00000000)
2024-06-26T04:03:04.337Z,35.95000076293945,2024-06-26T04:03:04.352Z,2024-06-26T04:03:04.352Z,Good (0x00000000)
2024-06-26T04:04:04.769Z,35.95000076293945,2024-06-26T04:04:04.785Z,2024-06-26T04:04:04.785Z,Good (0x00000000)
2024-06-26T04:05:04.935Z,35.95000076293945,2024-06-26T04:05:04.950Z,2024-06-26T04:05:04.950Z,Good (0x00000000)
2024-06-26T04:06:05.393Z,35.95000076293945,2024-06-26T04:06:05.409Z,2024-06-26T04:06:05.409Z,Good (0x00000000)
2024-06-26T04:07:04.517Z,36.029998779296875,2024-06-26T04:07:04.533Z,2024-06-26T04:07:04.532Z,Good (0x00000000)
2024-06-26T04:08:04.771Z,36.060001373291016,2024-06-26T04:08:04.785Z,2024-06-26T04:08:04.785Z,Good (0x00000000)
2024-06-26T04:09:04.943Z,36.060001373291016,2024-06-26T04:09:04.964Z,2024-06-26T04:09:04.964Z,Good (0x00000000)
2024-06-26T04:10:04.499Z,36.060001373291016,2024-06-26T04:10:04.514Z,2024-06-26T04:10:04.514Z,Good (0x00000000)
2024-06-26T04:11:04.341Z,36.060001373291016,2024-06-26T04:11:04.357Z,2024-06-26T04:11:04.357Z,Good (0x00000000)
2024-06-26T04:12:04.609Z,36.060001373291016,2024-06-26T04:12:04.629Z,2024-06-26T04:12:04.629Z,Good (0x00000000)
2024-06-26T04:13:05.048Z,36.060001373291016,2024-06-26T04:13:05.063Z,2024-06-26T04:13:05.063Z,Good (0x00000000)
2024-06-26T04:14:04.503Z,36.08000183105469,2024-06-26T04:14:04.522Z,2024-06-26T04:14:04.522Z,Good (0x00000000)
2024-06-26T04:15:05.158Z,36.16999816894531,2024-06-26T04:15:05.174Z,2024-06-26T04:15:05.174Z,Good (0x00000000)
2024-06-26T04:16:04.165Z,36.16999816894531,2024-06-26T04:16:04.182Z,2024-06-26T04:16:04.182Z,Good (0x00000000)
2024-06-26T04:17:05.043Z,36.16999816894531,2024-06-26T04:17:05.059Z,2024-06-26T04:17:05.059Z,Good (0x00000000)
2024-06-26T04:18:04.711Z,36.16999816894531,2024-06-26T04:18:04.726Z,2024-06-26T04:18:04.726Z,Good (0x00000000)
2024-06-26T04:19:04.437Z,36.16999816894531,2024-06-26T04:19:04.453Z,2024-06-26T04:19:04.453Z,Good (0x00000000)
2024-06-26T04:20:04.269Z,36.16999816894531,2024-06-26T04:20:04.286Z,2024-06-26T04:20:04.286Z,Good (0x00000000)
2024-06-26T04:21:04.926Z,36.16999816894531,2024-06-26T04:21:04.942Z,2024-06-26T04:21:04.942Z,Good (0x00000000)
2024-06-26T04:22:03.811Z,36.16999816894531,2024-06-26T04:22:03.828Z,2024-06-26T04:22:03.828Z,Good (0x00000000)
2024-06-26T04:23:04.371Z,36.16999816894531,2024-06-26T04:23:04.387Z,2024-06-26T04:23:04.387Z,Good (0x00000000)
2024-06-26T04:24:04.798Z,36.16999816894531,2024-06-26T04:24:04.814Z,2024-06-26T04:24:04.814Z,Good (0x00000000)
2024-06-26T04:25:04.479Z,36.16999816894531,2024-06-26T04:25:04.497Z,2024-06-26T04:25:04.497Z,Good (0x00000000)
2024-06-26T04:26:04.480Z,36.16999816894531,2024-06-26T04:26:04.497Z,2024-06-26T04:26:04.497Z,Good (0x00000000)
2024-06-26T04:27:04.323Z,36.16999816894531,2024-06-26T04:27:04.342Z,2024-06-26T04:27:04.342Z,Good (0x00000000)
2024-06-26T04:28:04.298Z,36.16999816894531,2024-06-26T04:28:04.314Z,2024-06-26T04:28:04.314Z,Good (0x00000000)
2024-06-26T04:29:04.774Z,36.16999816894531,2024-06-26T04:29:04.791Z,2024-06-26T04:29:04.791Z,Good (0x00000000)
2024-06-26T04:30:04.979Z,36.16999816894531,2024-06-26T04:30:04.996Z,2024-06-26T04:30:04.996Z,Good (0x00000000)
2024-06-26T04:31:04.990Z,36.16999816894531,2024-06-26T04:31:05.005Z,2024-06-26T04:31:05.005Z,Good (0x00000000)
2024-06-26T04:32:04.286Z,36.16999816894531,2024-06-26T04:32:04.303Z,2024-06-26T04:32:04.303Z,Good (0x00000000)
2024-06-26T04:33:04.589Z,36.16999816894531,2024-06-26T04:33:04.606Z,2024-06-26T04:33:04.606Z,Good (0x00000000)
2024-06-26T04:34:04.719Z,36.16999816894531,2024-06-26T04:34:04.739Z,2024-06-26T04:34:04.739Z,Good (0x00000000)
2024-06-26T04:35:04.612Z,36.16999816894531,2024-06-26T04:35:04.627Z,2024-06-26T04:35:04.627Z,Good (0x00000000)
2024-06-26T04:36:04.757Z,36.16999816894531,2024-06-26T04:36:04.772Z,2024-06-26T04:36:04.772Z,Good (0x00000000)
2024-06-26T04:37:04.769Z,36.16999816894531,2024-06-26T04:37:04.785Z,2024-06-26T04:37:04.785Z,Good (0x00000000)
2024-06-26T04:38:04.663Z,36.060001373291016,2024-06-26T04:38:04.680Z,2024-06-26T04:38:04.680Z,Good (0x00000000)
2024-06-26T04:39:05.255Z,36.060001373291016,2024-06-26T04:39:05.274Z,2024-06-26T04:39:05.274Z,Good (0x00000000)
2024-06-26T04:40:05.249Z,36.060001373291016,2024-06-26T04:40:05.266Z,2024-06-26T04:40:05.266Z,Good (0x00000000)
2024-06-26T04:41:04.999Z,36.060001373291016,2024-06-26T04:41:05.016Z,2024-06-26T04:41:05.016Z,Good (0x00000000)
2024-06-26T04:42:04.580Z,36.060001373291016,2024-06-26T04:42:04.598Z,2024-06-26T04:42:04.598Z,Good (0x00000000)
2024-06-26T04:43:04.632Z,36.060001373291016,2024-06-26T04:43:04.648Z,2024-06-26T04:43:04.648Z,Good (0x00000000)
2024-06-26T04:44:04.898Z,36.060001373291016,2024-06-26T04:44:04.914Z,2024-06-26T04:44:04.914Z,Good (0x00000000)
2024-06-26T04:45:04.819Z,36.060001373291016,2024-06-26T04:45:04.839Z,2024-06-26T04:45:04.839Z,Good (0x00000000)
2024-06-26T04:46:04.317Z,36.060001373291016,2024-06-26T04:46:04.332Z,2024-06-26T04:46:04.332Z,Good (0x00000000)
2024-06-26T04:47:04.336Z,36.060001373291016,2024-06-26T04:47:04.351Z,2024-06-26T04:47:04.351Z,Good (0x00000000)
2024-06-26T04:48:04.576Z,36.060001373291016,2024-06-26T04:48:04.592Z,2024-06-26T04:48:04.592Z,Good (0x00000000)
2024-06-26T04:49:04.973Z,36.029998779296875,2024-06-26T04:49:04.988Z,2024-06-26T04:49:04.988Z,Good (0x00000000)
2024-06-26T04:50:04.422Z,35.970001220703125,2024-06-26T04:50:04.438Z,2024-06-26T04:50:04.438Z,Good (0x00000000)
2024-06-26T04:51:04.250Z,35.970001220703125,2024-06-26T04:51:04.266Z,2024-06-26T04:51:04.266Z,Good (0x00000000)
2024-06-26T04:52:04.921Z,35.95000076293945,2024-06-26T04:52:04.937Z,2024-06-26T04:52:04.937Z,Good (0x00000000)
2024-06-26T04:53:04.825Z,35.959999084472656,2024-06-26T04:53:04.843Z,2024-06-26T04:53:04.843Z,Good (0x00000000)
2024-06-26T04:54:04.932Z,35.95000076293945,2024-06-26T04:54:04.947Z,2024-06-26T04:54:04.947Z,Good (0x00000000)
2024-06-26T04:55:04.836Z,35.95000076293945,2024-06-26T04:55:04.855Z,2024-06-26T04:55:04.854Z,Good (0x00000000)
2024-06-26T04:56:05.040Z,35.95000076293945,2024-06-26T04:56:05.054Z,2024-06-26T04:56:05.054Z,Good (0x00000000)
2024-06-26T04:57:04.282Z,35.95000076293945,2024-06-26T04:57:04.297Z,2024-06-26T04:57:04.297Z,Good (0x00000000)
2024-06-26T04:58:04.443Z,35.95000076293945,2024-06-26T04:58:04.457Z,2024-06-26T04:58:04.457Z,Good (0x00000000)
2024-06-26T04:59:04.784Z,35.95000076293945,2024-06-26T04:59:04.798Z,2024-06-26T04:59:04.798Z,Good (0x00000000)
2024-06-26T05:00:07.388Z,35.95000076293945,2024-06-26T05:00:07.407Z,2024-06-26T05:00:07.407Z,Good (0x00000000)
2024-06-26T05:01:05.300Z,35.95000076293945,2024-06-26T05:01:05.314Z,2024-06-26T05:01:05.314Z,Good (0x00000000)
2024-06-26T05:02:04.876Z,35.95000076293945,2024-06-26T05:02:04.890Z,2024-06-26T05:02:04.890Z,Good (0x00000000)
2024-06-26T05:03:05.221Z,35.95000076293945,2024-06-26T05:03:05.238Z,2024-06-26T05:03:05.238Z,Good (0x00000000)
2024-06-26T05:04:04.846Z,35.95000076293945,2024-06-26T05:04:04.862Z,2024-06-26T05:04:04.862Z,Good (0x00000000)
2024-06-26T05:05:04.056Z,35.95000076293945,2024-06-26T05:05:04.081Z,2024-06-26T05:05:04.081Z,Good (0x00000000)
2024-06-26T05:06:05.503Z,35.95000076293945,2024-06-26T05:06:05.517Z,2024-06-26T05:06:05.517Z,Good (0x00000000)
2024-06-26T05:07:05.021Z,35.95000076293945,2024-06-26T05:07:05.036Z,2024-06-26T05:07:05.036Z,Good (0x00000000)
2024-06-26T05:08:04.786Z,35.95000076293945,2024-06-26T05:08:04.800Z,2024-06-26T05:08:04.800Z,Good (0x00000000)
2024-06-26T05:09:04.646Z,35.95000076293945,2024-06-26T05:09:04.661Z,2024-06-26T05:09:04.661Z,Good (0x00000000)
2024-06-26T05:10:05.289Z,35.95000076293945,2024-06-26T05:10:05.305Z,2024-06-26T05:10:05.304Z,Good (0x00000000)
2024-06-26T05:11:04.814Z,35.95000076293945,2024-06-26T05:11:04.830Z,2024-06-26T05:11:04.830Z,Good (0x00000000)
2024-06-26T05:12:05.043Z,35.95000076293945,2024-06-26T05:12:05.058Z,2024-06-26T05:12:05.058Z,Good (0x00000000)
2024-06-26T05:13:05.328Z,35.95000076293945,2024-06-26T05:13:05.343Z,2024-06-26T05:13:05.342Z,Good (0x00000000)
2024-06-26T05:14:05.044Z,35.95000076293945,2024-06-26T05:14:05.059Z,2024-06-26T05:14:05.059Z,Good (0x00000000)
2024-06-26T05:15:04.479Z,35.970001220703125,2024-06-26T05:15:04.494Z,2024-06-26T05:15:04.494Z,Good (0x00000000)
2024-06-26T05:16:04.379Z,35.959999084472656,2024-06-26T05:16:04.393Z,2024-06-26T05:16:04.393Z,Good (0x00000000)
2024-06-26T05:17:04.684Z,36,2024-06-26T05:17:04.698Z,2024-06-26T05:17:04.698Z,Good (0x00000000)
2024-06-26T05:18:05.550Z,36.02000045776367,2024-06-26T05:18:05.565Z,2024-06-26T05:18:05.565Z,Good (0x00000000)
2024-06-26T05:19:04.471Z,36.060001373291016,2024-06-26T05:19:04.485Z,2024-06-26T05:19:04.485Z,Good (0x00000000)
2024-06-26T05:20:05.098Z,36.060001373291016,2024-06-26T05:20:05.113Z,2024-06-26T05:20:05.113Z,Good (0x00000000)
2024-06-26T05:21:04.461Z,36.060001373291016,2024-06-26T05:21:04.475Z,2024-06-26T05:21:04.475Z,Good (0x00000000)
2024-06-26T05:22:04.861Z,36.060001373291016,2024-06-26T05:22:04.878Z,2024-06-26T05:22:04.878Z,Good (0x00000000)
2024-06-26T05:23:04.644Z,36.060001373291016,2024-06-26T05:23:04.662Z,2024-06-26T05:23:04.662Z,Good (0x00000000)
2024-06-26T05:24:04.632Z,36.060001373291016,2024-06-26T05:24:04.647Z,2024-06-26T05:24:04.647Z,Good (0x00000000)
2024-06-26T05:25:04.764Z,36.060001373291016,2024-06-26T05:25:04.778Z,2024-06-26T05:25:04.778Z,Good (0x00000000)
2024-06-26T05:26:05.269Z,36.060001373291016,2024-06-26T05:26:05.283Z,2024-06-26T05:26:05.283Z,Good (0x00000000)
2024-06-26T05:27:04.730Z,36.16999816894531,2024-06-26T05:27:04.745Z,2024-06-26T05:27:04.745Z,Good (0x00000000)
2024-06-26T05:28:04.436Z,38.5,2024-06-26T05:28:04.453Z,2024-06-26T05:28:04.453Z,Good (0x00000000)
2024-06-26T05:29:04.877Z,41.47999954223633,2024-06-26T05:29:04.890Z,2024-06-26T05:29:04.890Z,Good (0x00000000)
2024-06-26T05:30:04.853Z,43.0099983215332,2024-06-26T05:30:04.866Z,2024-06-26T05:30:04.866Z,Good (0x00000000)
2024-06-26T05:31:04.543Z,44.029998779296875,2024-06-26T05:31:04.558Z,2024-06-26T05:31:04.558Z,Good (0x00000000)
2024-06-26T05:32:04.537Z,44.779998779296875,2024-06-26T05:32:04.553Z,2024-06-26T05:32:04.553Z,Good (0x00000000)
2024-06-26T05:33:05.355Z,45.11000061035156,2024-06-26T05:33:05.369Z,2024-06-26T05:33:05.369Z,Good (0x00000000)
2024-06-26T05:34:04.729Z,45.11000061035156,2024-06-26T05:34:04.744Z,2024-06-26T05:34:04.744Z,Good (0x00000000)
2024-06-26T05:35:05.412Z,45,2024-06-26T05:35:05.427Z,2024-06-26T05:35:05.427Z,Good (0x00000000)
2024-06-26T05:36:04.753Z,45,2024-06-26T05:36:04.766Z,2024-06-26T05:36:04.766Z,Good (0x00000000)
2024-06-26T05:37:04.223Z,44.88999938964844,2024-06-26T05:37:04.238Z,2024-06-26T05:37:04.238Z,Good (0x00000000)
2024-06-26T05:38:04.614Z,44.88999938964844,2024-06-26T05:38:04.631Z,2024-06-26T05:38:04.631Z,Good (0x00000000)
2024-06-26T05:39:04.999Z,44.779998779296875,2024-06-26T05:39:05.019Z,2024-06-26T05:39:05.019Z,Good (0x00000000)
2024-06-26T05:40:04.618Z,44.779998779296875,2024-06-26T05:40:04.631Z,2024-06-26T05:40:04.631Z,Good (0x00000000)
2024-06-26T05:41:04.925Z,44.779998779296875,2024-06-26T05:41:04.940Z,2024-06-26T05:41:04.940Z,Good (0x00000000)
2024-06-26T05:42:04.936Z,44.93000030517578,2024-06-26T05:42:04.950Z,2024-06-26T05:42:04.949Z,Good (0x00000000)
2024-06-26T05:43:04.637Z,46.38999938964844,2024-06-26T05:43:04.653Z,2024-06-26T05:43:04.653Z,Good (0x00000000)
2024-06-26T05:44:04.750Z,47.5,2024-06-26T05:44:04.763Z,2024-06-26T05:44:04.763Z,Good (0x00000000)
2024-06-26T05:45:04.726Z,48.310001373291016,2024-06-26T05:45:04.743Z,2024-06-26T05:45:04.743Z,Good (0x00000000)
2024-06-26T05:46:04.611Z,49,2024-06-26T05:46:04.624Z,2024-06-26T05:46:04.624Z,Good (0x00000000)
2024-06-26T05:47:04.034Z,49.439998626708984,2024-06-26T05:47:04.047Z,2024-06-26T05:47:04.047Z,Good (0x00000000)
2024-06-26T05:48:05.519Z,49.529998779296875,2024-06-26T05:48:05.534Z,2024-06-26T05:48:05.534Z,Good (0x00000000)
2024-06-26T05:49:04.669Z,49.86000061035156,2024-06-26T05:49:04.683Z,2024-06-26T05:49:04.683Z,Good (0x00000000)
2024-06-26T05:50:04.541Z,50.22999954223633,2024-06-26T05:50:04.554Z,2024-06-26T05:50:04.554Z,Good (0x00000000)
2024-06-26T05:51:04.791Z,50.720001220703125,2024-06-26T05:51:04.805Z,2024-06-26T05:51:04.805Z,Good (0x00000000)
2024-06-26T05:52:05.000Z,51.11000061035156,2024-06-26T05:52:05.014Z,2024-06-26T05:52:05.014Z,Good (0x00000000)
2024-06-26T05:53:04.260Z,51.470001220703125,2024-06-26T05:53:04.274Z,2024-06-26T05:53:04.274Z,Good (0x00000000)
2024-06-26T05:54:04.142Z,51.779998779296875,2024-06-26T05:54:04.156Z,2024-06-26T05:54:04.156Z,Good (0x00000000)
2024-06-26T05:55:04.935Z,52,2024-06-26T05:55:04.951Z,2024-06-26T05:55:04.951Z,Good (0x00000000)
2024-06-26T05:56:04.809Z,52.20000076293945,2024-06-26T05:56:04.823Z,2024-06-26T05:56:04.823Z,Good (0x00000000)
2024-06-26T05:57:04.449Z,52.41999816894531,2024-06-26T05:57:04.464Z,2024-06-26T05:57:04.464Z,Good (0x00000000)
2024-06-26T05:58:04.670Z,52.52000045776367,2024-06-26T05:58:04.684Z,2024-06-26T05:58:04.684Z,Good (0x00000000)
2024-06-26T05:59:04.461Z,52.619998931884766,2024-06-26T05:59:04.474Z,2024-06-26T05:59:04.474Z,Good (0x00000000)
2024-06-26T06:00:07.354Z,52.84000015258789,2024-06-26T06:00:07.368Z,2024-06-26T06:00:07.368Z,Good (0x00000000)
2024-06-26T06:01:05.180Z,52.95000076293945,2024-06-26T06:01:05.194Z,2024-06-26T06:01:05.194Z,Good (0x00000000)
2024-06-26T06:02:04.413Z,52.959999084472656,2024-06-26T06:02:04.427Z,2024-06-26T06:02:04.427Z,Good (0x00000000)
2024-06-26T06:03:04.742Z,53.060001373291016,2024-06-26T06:03:04.756Z,2024-06-26T06:03:04.756Z,Good (0x00000000)
2024-06-26T06:04:04.648Z,53.16999816894531,2024-06-26T06:04:04.663Z,2024-06-26T06:04:04.663Z,Good (0x00000000)
2024-06-26T06:05:04.539Z,53.279998779296875,2024-06-26T06:05:04.553Z,2024-06-26T06:05:04.553Z,Good (0x00000000)
2024-06-26T06:06:05.510Z,53.369998931884766,2024-06-26T06:06:05.525Z,2024-06-26T06:06:05.525Z,Good (0x00000000)
2024-06-26T06:07:04.236Z,53.47999954223633,2024-06-26T06:07:04.252Z,2024-06-26T06:07:04.252Z,Good (0x00000000)
2024-06-26T06:08:04.773Z,53.61000061035156,2024-06-26T06:08:04.787Z,2024-06-26T06:08:04.787Z,Good (0x00000000)
2024-06-26T06:09:04.669Z,53.75,2024-06-26T06:09:04.683Z,2024-06-26T06:09:04.683Z,Good (0x00000000)
2024-06-26T06:10:04.698Z,53.90999984741211,2024-06-26T06:10:04.713Z,2024-06-26T06:10:04.713Z,Good (0x00000000)
2024-06-26T06:11:04.834Z,54.029998779296875,2024-06-26T06:11:04.850Z,2024-06-26T06:11:04.850Z,Good (0x00000000)
2024-06-26T06:12:04.777Z,54.119998931884766,2024-06-26T06:12:04.796Z,2024-06-26T06:12:04.796Z,Good (0x00000000)
2024-06-26T06:13:04.893Z,54.34000015258789,2024-06-26T06:13:04.908Z,2024-06-26T06:13:04.908Z,Good (0x00000000)
2024-06-26T06:14:04.896Z,54.45000076293945,2024-06-26T06:14:04.911Z,2024-06-26T06:14:04.911Z,Good (0x00000000)
2024-06-26T06:15:04.259Z,54.560001373291016,2024-06-26T06:15:04.274Z,2024-06-26T06:15:04.274Z,Good (0x00000000)
2024-06-26T06:16:05.100Z,54.65999984741211,2024-06-26T06:16:05.115Z,2024-06-26T06:16:05.115Z,Good (0x00000000)
2024-06-26T06:17:04.715Z,54.77000045776367,2024-06-26T06:17:04.731Z,2024-06-26T06:17:04.731Z,Good (0x00000000)
2024-06-26T06:18:05.309Z,54.93000030517578,2024-06-26T06:18:05.324Z,2024-06-26T06:18:05.324Z,Good (0x00000000)
2024-06-26T06:19:04.287Z,55.08000183105469,2024-06-26T06:19:04.303Z,2024-06-26T06:19:04.303Z,Good (0x00000000)
2024-06-26T06:20:05.326Z,55.189998626708984,2024-06-26T06:20:05.341Z,2024-06-26T06:20:05.341Z,Good (0x00000000)
2024-06-26T06:21:04.830Z,55.310001373291016,2024-06-26T06:21:04.881Z,2024-06-26T06:21:04.881Z,Good (0x00000000)
2024-06-26T06:22:04.176Z,55.40999984741211,2024-06-26T06:22:04.191Z,2024-06-26T06:22:04.191Z,Good (0x00000000)
2024-06-26T06:23:05.032Z,55.619998931884766,2024-06-26T06:23:05.048Z,2024-06-26T06:23:05.048Z,Good (0x00000000)
2024-06-26T06:24:04.906Z,55.72999954223633,2024-06-26T06:24:04.920Z,2024-06-26T06:24:04.920Z,Good (0x00000000)
2024-06-26T06:25:04.935Z,55.84000015258789,2024-06-26T06:25:04.950Z,2024-06-26T06:25:04.950Z,Good (0x00000000)
2024-06-26T06:26:05.501Z,55.939998626708984,2024-06-26T06:26:05.517Z,2024-06-26T06:26:05.517Z,Good (0x00000000)
2024-06-26T06:27:04.769Z,56.16999816894531,2024-06-26T06:27:04.788Z,2024-06-26T06:27:04.788Z,Good (0x00000000)
2024-06-26T06:28:04.762Z,56.27000045776367,2024-06-26T06:28:04.776Z,2024-06-26T06:28:04.776Z,Good (0x00000000)
2024-06-26T06:29:04.753Z,56.369998931884766,2024-06-26T06:29:04.774Z,2024-06-26T06:29:04.774Z,Good (0x00000000)
2024-06-26T06:30:05.092Z,56.59000015258789,2024-06-26T06:30:05.112Z,2024-06-26T06:30:05.112Z,Good (0x00000000)
2024-06-26T06:31:04.705Z,56.70000076293945,2024-06-26T06:31:04.722Z,2024-06-26T06:31:04.722Z,Good (0x00000000)
2024-06-26T06:32:05.023Z,56.810001373291016,2024-06-26T06:32:05.044Z,2024-06-26T06:32:05.044Z,Good (0x00000000)
2024-06-26T06:33:04.262Z,57.029998779296875,2024-06-26T06:33:04.278Z,2024-06-26T06:33:04.278Z,Good (0x00000000)
2024-06-26T06:34:04.504Z,57.119998931884766,2024-06-26T06:34:04.520Z,2024-06-26T06:34:04.519Z,Good (0x00000000)
2024-06-26T06:35:04.995Z,57.34000015258789,2024-06-26T06:35:05.010Z,2024-06-26T06:35:05.010Z,Good (0x00000000)
2024-06-26T06:36:04.952Z,57.459999084472656,2024-06-26T06:36:04.968Z,2024-06-26T06:36:04.968Z,Good (0x00000000)
2024-06-26T06:37:04.485Z,57.65999984741211,2024-06-26T06:37:04.500Z,2024-06-26T06:37:04.500Z,Good (0x00000000)
2024-06-26T06:38:05.191Z,57.88999938964844,2024-06-26T06:38:05.207Z,2024-06-26T06:38:05.207Z,Good (0x00000000)
2024-06-26T06:39:05.030Z,58.09000015258789,2024-06-26T06:39:05.044Z,2024-06-26T06:39:05.044Z,Good (0x00000000)
2024-06-26T06:40:05.086Z,58.310001373291016,2024-06-26T06:40:05.104Z,2024-06-26T06:40:05.104Z,Good (0x00000000)
2024-06-26T06:41:04.645Z,58.52000045776367,2024-06-26T06:41:04.659Z,2024-06-26T06:41:04.659Z,Good (0x00000000)
2024-06-26T06:42:05.474Z,58.75,2024-06-26T06:42:05.493Z,2024-06-26T06:42:05.493Z,Good (0x00000000)
2024-06-26T06:43:04.198Z,58.95000076293945,2024-06-26T06:43:04.214Z,2024-06-26T06:43:04.214Z,Good (0x00000000)
2024-06-26T06:44:04.987Z,59.11000061035156,2024-06-26T06:44:05.003Z,2024-06-26T06:44:05.003Z,Good (0x00000000)
2024-06-26T06:45:04.869Z,59.38999938964844,2024-06-26T06:45:04.884Z,2024-06-26T06:45:04.884Z,Good (0x00000000)
2024-06-26T06:46:05.284Z,59.61000061035156,2024-06-26T06:46:05.300Z,2024-06-26T06:46:05.300Z,Good (0x00000000)
2024-06-26T06:47:05.011Z,59.810001373291016,2024-06-26T06:47:05.027Z,2024-06-26T06:47:05.027Z,Good (0x00000000)
2024-06-26T06:48:04.516Z,60.04999923706055,2024-06-26T06:48:04.532Z,2024-06-26T06:48:04.532Z,Good (0x00000000)
2024-06-26T06:49:04.992Z,60.25,2024-06-26T06:49:05.008Z,2024-06-26T06:49:05.008Z,Good (0x00000000)
2024-06-26T06:50:04.999Z,60.470001220703125,2024-06-26T06:50:05.017Z,2024-06-26T06:50:05.017Z,Good (0x00000000)
2024-06-26T06:51:05.255Z,60.689998626708984,2024-06-26T06:51:05.272Z,2024-06-26T06:51:05.272Z,Good (0x00000000)
2024-06-26T06:52:05.444Z,60.90999984741211,2024-06-26T06:52:05.459Z,2024-06-26T06:52:05.459Z,Good (0x00000000)
2024-06-26T06:53:04.500Z,61.119998931884766,2024-06-26T06:53:04.518Z,2024-06-26T06:53:04.517Z,Good (0x00000000)
2024-06-26T06:54:04.602Z,61.34000015258789,2024-06-26T06:54:04.617Z,2024-06-26T06:54:04.617Z,Good (0x00000000)
2024-06-26T06:55:04.715Z,61.560001373291016,2024-06-26T06:55:04.731Z,2024-06-26T06:55:04.730Z,Good (0x00000000)
2024-06-26T06:56:04.782Z,61.75,2024-06-26T06:56:04.798Z,2024-06-26T06:56:04.798Z,Good (0x00000000)
2024-06-26T06:57:05.026Z,61.88999938964844,2024-06-26T06:57:05.044Z,2024-06-26T06:57:05.044Z,Good (0x00000000)
2024-06-26T06:58:04.648Z,62.11000061035156,2024-06-26T06:58:04.663Z,2024-06-26T06:58:04.663Z,Good (0x00000000)
2024-06-26T06:59:04.885Z,62.33000183105469,2024-06-26T06:59:04.899Z,2024-06-26T06:59:04.899Z,Good (0x00000000)
2024-06-26T07:00:06.676Z,62.459999084472656,2024-06-26T07:00:06.695Z,2024-06-26T07:00:06.695Z,Good (0x00000000)
2024-06-26T07:01:05.293Z,62.65999984741211,2024-06-26T07:01:05.308Z,2024-06-26T07:01:05.308Z,Good (0x00000000)
2024-06-26T07:02:04.607Z,62.86000061035156,2024-06-26T07:02:04.623Z,2024-06-26T07:02:04.623Z,Good (0x00000000)
2024-06-26T07:03:04.571Z,62.97999954223633,2024-06-26T07:03:04.584Z,2024-06-26T07:03:04.584Z,Good (0x00000000)
2024-06-26T07:04:04.805Z,63.119998931884766,2024-06-26T07:04:04.823Z,2024-06-26T07:04:04.823Z,Good (0x00000000)
2024-06-26T07:05:04.450Z,63.33000183105469,2024-06-26T07:05:04.464Z,2024-06-26T07:05:04.464Z,Good (0x00000000)
2024-06-26T07:06:06.199Z,63.54999923706055,2024-06-26T07:06:06.212Z,2024-06-26T07:06:06.212Z,Good (0x00000000)
2024-06-26T07:07:05.057Z,63.65999984741211,2024-06-26T07:07:05.072Z,2024-06-26T07:07:05.071Z,Good (0x00000000)
2024-06-26T07:08:04.733Z,63.84000015258789,2024-06-26T07:08:04.747Z,2024-06-26T07:08:04.747Z,Good (0x00000000)
2024-06-26T07:09:04.874Z,63.97999954223633,2024-06-26T07:09:04.891Z,2024-06-26T07:09:04.891Z,Good (0x00000000)
2024-06-26T07:10:04.557Z,64.08999633789062,2024-06-26T07:10:04.570Z,2024-06-26T07:10:04.570Z,Good (0x00000000)
2024-06-26T07:11:04.561Z,64.19999694824219,2024-06-26T07:11:04.575Z,2024-06-26T07:11:04.575Z,Good (0x00000000)
2024-06-26T07:12:04.533Z,64.30999755859375,2024-06-26T07:12:04.547Z,2024-06-26T07:12:04.546Z,Good (0x00000000)
2024-06-26T07:13:05.382Z,64.55000305175781,2024-06-26T07:13:05.395Z,2024-06-26T07:13:05.395Z,Good (0x00000000)
2024-06-26T07:14:04.590Z,64.66000366210938,2024-06-26T07:14:04.603Z,2024-06-26T07:14:04.603Z,Good (0x00000000)
2024-06-26T07:15:04.480Z,64.77999877929688,2024-06-26T07:15:04.494Z,2024-06-26T07:15:04.494Z,Good (0x00000000)
2024-06-26T07:16:05.384Z,64.9800033569336,2024-06-26T07:16:05.398Z,2024-06-26T07:16:05.398Z,Good (0x00000000)
2024-06-26T07:17:05.136Z,65.08999633789062,2024-06-26T07:17:05.149Z,2024-06-26T07:17:05.149Z,Good (0x00000000)
2024-06-26T07:18:04.478Z,65.19999694824219,2024-06-26T07:18:04.491Z,2024-06-26T07:18:04.491Z,Good (0x00000000)
2024-06-26T07:19:04.832Z,65.33000183105469,2024-06-26T07:19:04.846Z,2024-06-26T07:19:04.846Z,Good (0x00000000)
2024-06-26T07:20:04.929Z,65.44000244140625,2024-06-26T07:20:04.941Z,2024-06-26T07:20:04.941Z,Good (0x00000000)
2024-06-26T07:21:04.389Z,65.55000305175781,2024-06-26T07:21:04.402Z,2024-06-26T07:21:04.402Z,Good (0x00000000)
2024-06-26T07:22:04.769Z,65.66000366210938,2024-06-26T07:22:04.782Z,2024-06-26T07:22:04.782Z,Good (0x00000000)
2024-06-26T07:23:04.950Z,65.88999938964844,2024-06-26T07:23:04.966Z,2024-06-26T07:23:04.966Z,Good (0x00000000)
2024-06-26T07:24:04.894Z,66,2024-06-26T07:24:04.907Z,2024-06-26T07:24:04.907Z,Good (0x00000000)
2024-06-26T07:25:04.761Z,66.11000061035156,2024-06-26T07:25:04.775Z,2024-06-26T07:25:04.775Z,Good (0x00000000)
2024-06-26T07:26:05.524Z,66.2300033569336,2024-06-26T07:26:05.538Z,2024-06-26T07:26:05.537Z,Good (0x00000000)
2024-06-26T07:27:04.575Z,66.44999694824219,2024-06-26T07:27:04.592Z,2024-06-26T07:27:04.592Z,Good (0x00000000)
2024-06-26T07:28:04.386Z,66.55999755859375,2024-06-26T07:28:04.398Z,2024-06-26T07:28:04.397Z,Good (0x00000000)
2024-06-26T07:29:04.562Z,66.69000244140625,2024-06-26T07:29:04.574Z,2024-06-26T07:29:04.574Z,Good (0x00000000)
2024-06-26T07:30:05.385Z,66.81999969482422,2024-06-26T07:30:05.403Z,2024-06-26T07:30:05.403Z,Good (0x00000000)
2024-06-26T07:31:04.099Z,67.0199966430664,2024-06-26T07:31:04.111Z,2024-06-26T07:31:04.111Z,Good (0x00000000)
2024-06-26T07:32:04.834Z,67.13999938964844,2024-06-26T07:32:04.848Z,2024-06-26T07:32:04.848Z,Good (0x00000000)
2024-06-26T07:33:05.237Z,67.25,2024-06-26T07:33:05.250Z,2024-06-26T07:33:05.250Z,Good (0x00000000)
2024-06-26T07:34:04.868Z,67.36000061035156,2024-06-26T07:34:04.881Z,2024-06-26T07:34:04.881Z,Good (0x00000000)
2024-06-26T07:35:05.138Z,67.58999633789062,2024-06-26T07:35:05.151Z,2024-06-26T07:35:05.151Z,Good (0x00000000)
2024-06-26T07:36:04.627Z,67.69999694824219,2024-06-26T07:36:04.641Z,2024-06-26T07:36:04.641Z,Good (0x00000000)
2024-06-26T07:37:04.717Z,67.80999755859375,2024-06-26T07:37:04.731Z,2024-06-26T07:37:04.731Z,Good (0x00000000)
2024-06-26T07:38:04.534Z,67.91999816894531,2024-06-26T07:38:04.547Z,2024-06-26T07:38:04.547Z,Good (0x00000000)
2024-06-26T07:39:05.121Z,68.05999755859375,2024-06-26T07:39:05.134Z,2024-06-26T07:39:05.134Z,Good (0x00000000)
2024-06-26T07:40:04.854Z,68.2699966430664,2024-06-26T07:40:04.868Z,2024-06-26T07:40:04.868Z,Good (0x00000000)
2024-06-26T07:41:04.415Z,68.38999938964844,2024-06-26T07:41:04.429Z,2024-06-26T07:41:04.428Z,Good (0x00000000)
2024-06-26T07:42:04.862Z,68.5199966430664,2024-06-26T07:42:04.875Z,2024-06-26T07:42:04.875Z,Good (0x00000000)
2024-06-26T07:43:05.104Z,68.62000274658203,2024-06-26T07:43:05.120Z,2024-06-26T07:43:05.120Z,Good (0x00000000)
2024-06-26T07:44:04.154Z,68.7300033569336,2024-06-26T07:44:04.168Z,2024-06-26T07:44:04.168Z,Good (0x00000000)
2024-06-26T07:45:05.224Z,68.86000061035156,2024-06-26T07:45:05.239Z,2024-06-26T07:45:05.239Z,Good (0x00000000)
2024-06-26T07:46:04.380Z,69.08999633789062,2024-06-26T07:46:04.392Z,2024-06-26T07:46:04.392Z,Good (0x00000000)
2024-06-26T07:47:04.713Z,69.19999694824219,2024-06-26T07:47:04.726Z,2024-06-26T07:47:04.726Z,Good (0x00000000)
2024-06-26T07:48:05.294Z,69.30999755859375,2024-06-26T07:48:05.308Z,2024-06-26T07:48:05.308Z,Good (0x00000000)
2024-06-26T07:49:04.735Z,69.44999694824219,2024-06-26T07:49:04.750Z,2024-06-26T07:49:04.749Z,Good (0x00000000)
2024-06-26T07:50:05.107Z,69.66000366210938,2024-06-26T07:50:05.122Z,2024-06-26T07:50:05.122Z,Good (0x00000000)
2024-06-26T07:51:04.525Z,69.77999877929688,2024-06-26T07:51:04.538Z,2024-06-26T07:51:04.538Z,Good (0x00000000)
2024-06-26T07:52:05.178Z,69.91000366210938,2024-06-26T07:52:05.192Z,2024-06-26T07:52:05.192Z,Good (0x00000000)
2024-06-26T07:53:04.102Z,70.12000274658203,2024-06-26T07:53:04.117Z,2024-06-26T07:53:04.116Z,Good (0x00000000)
2024-06-26T07:54:04.225Z,70.25,2024-06-26T07:54:04.238Z,2024-06-26T07:54:04.238Z,Good (0x00000000)
2024-06-26T07:55:05.350Z,70.37000274658203,2024-06-26T07:55:05.365Z,2024-06-26T07:55:05.365Z,Good (0x00000000)
2024-06-26T07:56:04.852Z,70.58999633789062,2024-06-26T07:56:04.866Z,2024-06-26T07:56:04.866Z,Good (0x00000000)
2024-06-26T07:57:04.203Z,70.72000122070312,2024-06-26T07:57:04.219Z,2024-06-26T07:57:04.219Z,Good (0x00000000)
2024-06-26T07:58:04.630Z,70.86000061035156,2024-06-26T07:58:04.646Z,2024-06-26T07:58:04.646Z,Good (0x00000000)
2024-06-26T07:59:04.685Z,71.08000183105469,2024-06-26T07:59:04.698Z,2024-06-26T07:59:04.698Z,Good (0x00000000)
2024-06-26T08:00:08.288Z,71.19999694824219,2024-06-26T08:00:08.304Z,2024-06-26T08:00:08.304Z,Good (0x00000000)
2024-06-26T08:01:04.842Z,71.33000183105469,2024-06-26T08:01:04.856Z,2024-06-26T08:01:04.856Z,Good (0x00000000)
2024-06-26T08:02:04.573Z,71.44000244140625,2024-06-26T08:02:04.586Z,2024-06-26T08:02:04.586Z,Good (0x00000000)
2024-06-26T08:03:04.423Z,71.66999816894531,2024-06-26T08:03:04.438Z,2024-06-26T08:03:04.438Z,Good (0x00000000)
2024-06-26T08:04:05.294Z,71.80999755859375,2024-06-26T08:04:05.309Z,2024-06-26T08:04:05.309Z,Good (0x00000000)
2024-06-26T08:05:04.948Z,71.91999816894531,2024-06-26T08:05:04.963Z,2024-06-26T08:05:04.963Z,Good (0x00000000)
2024-06-26T08:06:05.402Z,72.16000366210938,2024-06-26T08:06:05.417Z,2024-06-26T08:06:05.417Z,Good (0x00000000)
2024-06-26T08:07:04.342Z,72.27999877929688,2024-06-26T08:07:04.356Z,2024-06-26T08:07:04.356Z,Good (0x00000000)
2024-06-26T08:08:04.155Z,72.38999938964844,2024-06-26T08:08:04.167Z,2024-06-26T08:08:04.167Z,Good (0x00000000)
2024-06-26T08:09:04.249Z,72.5,2024-06-26T08:09:04.288Z,2024-06-26T08:09:04.288Z,Good (0x00000000)
2024-06-26T08:10:05.241Z,72.69999694824219,2024-06-26T08:10:05.254Z,2024-06-26T08:10:05.254Z,Good (0x00000000)
2024-06-26T08:11:04.432Z,72.87000274658203,2024-06-26T08:11:04.445Z,2024-06-26T08:11:04.445Z,Good (0x00000000)
2024-06-26T08:12:04.900Z,72.9800033569336,2024-06-26T08:12:04.917Z,2024-06-26T08:12:04.917Z,Good (0x00000000)
2024-06-26T08:13:05.194Z,73.11000061035156,2024-06-26T08:13:05.207Z,2024-06-26T08:13:05.207Z,Good (0x00000000)
2024-06-26T08:14:04.837Z,73.25,2024-06-26T08:14:04.852Z,2024-06-26T08:14:04.852Z,Good (0x00000000)
2024-06-26T08:15:04.998Z,73.47000122070312,2024-06-26T08:15:05.011Z,2024-06-26T08:15:05.011Z,Good (0x00000000)
2024-06-26T08:16:04.139Z,73.58999633789062,2024-06-26T08:16:04.153Z,2024-06-26T08:16:04.153Z,Good (0x00000000)
2024-06-26T08:17:05.065Z,73.7300033569336,2024-06-26T08:17:05.079Z,2024-06-26T08:17:05.079Z,Good (0x00000000)
2024-06-26T08:18:05.263Z,73.94000244140625,2024-06-26T08:18:05.277Z,2024-06-26T08:18:05.277Z,Good (0x00000000)
2024-06-26T08:19:05.039Z,74.08999633789062,2024-06-26T08:19:05.053Z,2024-06-26T08:19:05.053Z,Good (0x00000000)
2024-06-26T08:20:04.357Z,74.22000122070312,2024-06-26T08:20:04.370Z,2024-06-26T08:20:04.370Z,Good (0x00000000)
2024-06-26T08:21:04.455Z,74.33999633789062,2024-06-26T08:21:04.479Z,2024-06-26T08:21:04.479Z,Good (0x00000000)
2024-06-26T08:22:05.071Z,74.47000122070312,2024-06-26T08:22:05.084Z,2024-06-26T08:22:05.084Z,Good (0x00000000)
2024-06-26T08:23:04.617Z,74.58999633789062,2024-06-26T08:23:04.629Z,2024-06-26T08:23:04.629Z,Good (0x00000000)
2024-06-26T08:24:05.093Z,74.83999633789062,2024-06-26T08:24:05.109Z,2024-06-26T08:24:05.109Z,Good (0x00000000)
2024-06-26T08:25:05.391Z,74.94999694824219,2024-06-26T08:25:05.404Z,2024-06-26T08:25:05.404Z,Good (0x00000000)
2024-06-26T08:26:05.051Z,75.08000183105469,2024-06-26T08:26:05.065Z,2024-06-26T08:26:05.065Z,Good (0x00000000)
2024-06-26T08:27:04.928Z,75.22000122070312,2024-06-26T08:27:04.941Z,2024-06-26T08:27:04.941Z,Good (0x00000000)
2024-06-26T08:28:04.092Z,75.33000183105469,2024-06-26T08:28:04.104Z,2024-06-26T08:28:04.104Z,Good (0x00000000)
2024-06-26T08:29:04.600Z,75.52999877929688,2024-06-26T08:29:04.619Z,2024-06-26T08:29:04.618Z,Good (0x00000000)
2024-06-26T08:30:05.248Z,75.69999694824219,2024-06-26T08:30:05.261Z,2024-06-26T08:30:05.261Z,Good (0x00000000)
2024-06-26T08:31:04.895Z,75.83000183105469,2024-06-26T08:31:04.908Z,2024-06-26T08:31:04.908Z,Good (0x00000000)
2024-06-26T08:32:04.900Z,76.01000213623047,2024-06-26T08:32:04.913Z,2024-06-26T08:32:04.913Z,Good (0x00000000)
2024-06-26T08:33:04.601Z,76.22000122070312,2024-06-26T08:33:04.614Z,2024-06-26T08:33:04.614Z,Good (0x00000000)
2024-06-26T08:34:04.579Z,76.37000274658203,2024-06-26T08:34:04.592Z,2024-06-26T08:34:04.592Z,Good (0x00000000)
2024-06-26T08:35:05.188Z,76.58999633789062,2024-06-26T08:35:05.200Z,2024-06-26T08:35:05.200Z,Good (0x00000000)
2024-06-26T08:36:04.672Z,76.72000122070312,2024-06-26T08:36:04.683Z,2024-06-26T08:36:04.683Z,Good (0x00000000)
2024-06-26T08:37:04.955Z,76.97000122070312,2024-06-26T08:37:04.968Z,2024-06-26T08:37:04.968Z,Good (0x00000000)
2024-06-26T08:38:04.596Z,77.12000274658203,2024-06-26T08:38:04.608Z,2024-06-26T08:38:04.608Z,Good (0x00000000)
2024-06-26T08:39:05.145Z,77.41999816894531,2024-06-26T08:39:05.157Z,2024-06-26T08:39:05.157Z,Good (0x00000000)
2024-06-26T08:40:05.044Z,77.70999908447266,2024-06-26T08:40:05.056Z,2024-06-26T08:40:05.056Z,Good (0x00000000)
2024-06-26T08:41:04.554Z,77.87000274658203,2024-06-26T08:41:04.566Z,2024-06-26T08:41:04.566Z,Good (0x00000000)
2024-06-26T08:42:05.191Z,78.12000274658203,2024-06-26T08:42:05.203Z,2024-06-26T08:42:05.203Z,Good (0x00000000)
2024-06-26T08:43:04.788Z,78.38999938964844,2024-06-26T08:43:04.803Z,2024-06-26T08:43:04.803Z,Good (0x00000000)
2024-06-26T08:44:04.625Z,78.66000366210938,2024-06-26T08:44:04.639Z,2024-06-26T08:44:04.639Z,Good (0x00000000)
2024-06-26T08:45:04.281Z,78.80000305175781,2024-06-26T08:45:04.296Z,2024-06-26T08:45:04.296Z,Good (0x00000000)
2024-06-26T08:46:03.954Z,79.05000305175781,2024-06-26T08:46:03.968Z,2024-06-26T08:46:03.968Z,Good (0x00000000)
2024-06-26T08:47:04.656Z,79.16999816894531,2024-06-26T08:47:04.670Z,2024-06-26T08:47:04.670Z,Good (0x00000000)
2024-06-26T08:48:04.285Z,79.30999755859375,2024-06-26T08:48:04.299Z,2024-06-26T08:48:04.299Z,Good (0x00000000)
2024-06-26T08:49:04.361Z,79.44000244140625,2024-06-26T08:49:04.374Z,2024-06-26T08:49:04.374Z,Good (0x00000000)
2024-06-26T08:50:05.016Z,79.55999755859375,2024-06-26T08:50:05.030Z,2024-06-26T08:50:05.030Z,Good (0x00000000)
2024-06-26T08:51:04.081Z,79.55999755859375,2024-06-26T08:51:04.096Z,2024-06-26T08:51:04.096Z,Good (0x00000000)
2024-06-26T08:52:05.389Z,79.69999694824219,2024-06-26T08:52:05.403Z,2024-06-26T08:52:05.403Z,Good (0x00000000)
2024-06-26T08:53:04.351Z,79.83999633789062,2024-06-26T08:53:04.364Z,2024-06-26T08:53:04.364Z,Good (0x00000000)
2024-06-26T08:54:04.763Z,79.83999633789062,2024-06-26T08:54:04.777Z,2024-06-26T08:54:04.777Z,Good (0x00000000)
2024-06-26T08:55:04.778Z,79.97000122070312,2024-06-26T08:55:04.791Z,2024-06-26T08:55:04.791Z,Good (0x00000000)
2024-06-26T08:56:04.617Z,80.08999633789062,2024-06-26T08:56:04.632Z,2024-06-26T08:56:04.632Z,Good (0x00000000)
2024-06-26T08:57:04.429Z,80.08999633789062,2024-06-26T08:57:04.445Z,2024-06-26T08:57:04.445Z,Good (0x00000000)
2024-06-26T08:58:04.825Z,80.2300033569336,2024-06-26T08:58:04.841Z,2024-06-26T08:58:04.841Z,Good (0x00000000)
2024-06-26T08:59:04.725Z,80.38999938964844,2024-06-26T08:59:04.741Z,2024-06-26T08:59:04.740Z,Good (0x00000000)
2024-06-26T09:00:07.604Z,80.5199966430664,2024-06-26T09:00:07.623Z,2024-06-26T09:00:07.623Z,Good (0x00000000)
2024-06-26T09:01:04.793Z,80.63999938964844,2024-06-26T09:01:04.807Z,2024-06-26T09:01:04.807Z,Good (0x00000000)
2024-06-26T09:02:05.051Z,80.73999786376953,2024-06-26T09:02:05.069Z,2024-06-26T09:02:05.069Z,Good (0x00000000)
2024-06-26T09:03:04.726Z,80.77999877929688,2024-06-26T09:03:04.748Z,2024-06-26T09:03:04.748Z,Good (0x00000000)
2024-06-26T09:04:04.913Z,80.98999786376953,2024-06-26T09:04:04.928Z,2024-06-26T09:04:04.928Z,Good (0x00000000)
2024-06-26T09:05:04.492Z,81.16999816894531,2024-06-26T09:05:04.506Z,2024-06-26T09:05:04.506Z,Good (0x00000000)
2024-06-26T09:06:05.579Z,81.30999755859375,2024-06-26T09:06:05.594Z,2024-06-26T09:06:05.594Z,Good (0x00000000)
2024-06-26T09:07:04.678Z,81.33999633789062,2024-06-26T09:07:04.693Z,2024-06-26T09:07:04.693Z,Good (0x00000000)
2024-06-26T09:08:04.497Z,81.47000122070312,2024-06-26T09:08:04.512Z,2024-06-26T09:08:04.512Z,Good (0x00000000)
2024-06-26T09:09:04.188Z,81.58999633789062,2024-06-26T09:09:04.202Z,2024-06-26T09:09:04.202Z,Good (0x00000000)
2024-06-26T09:10:04.785Z,81.72000122070312,2024-06-26T09:10:04.799Z,2024-06-26T09:10:04.799Z,Good (0x00000000)
2024-06-26T09:11:04.324Z,82.0199966430664,2024-06-26T09:11:04.340Z,2024-06-26T09:11:04.340Z,Good (0x00000000)
2024-06-26T09:12:04.745Z,82.13999938964844,2024-06-26T09:12:04.761Z,2024-06-26T09:12:04.761Z,Good (0x00000000)
2024-06-26T09:13:04.543Z,82.27999877929688,2024-06-26T09:13:04.557Z,2024-06-26T09:13:04.557Z,Good (0x00000000)
2024-06-26T09:14:04.772Z,82.41999816894531,2024-06-26T09:14:04.787Z,2024-06-26T09:14:04.787Z,Good (0x00000000)
2024-06-26T09:15:05.468Z,82.41999816894531,2024-06-26T09:15:05.482Z,2024-06-26T09:15:05.482Z,Good (0x00000000)
2024-06-26T09:16:05.490Z,82.55999755859375,2024-06-26T09:16:05.505Z,2024-06-26T09:16:05.505Z,Good (0x00000000)
2024-06-26T09:17:05.175Z,82.69999694824219,2024-06-26T09:17:05.190Z,2024-06-26T09:17:05.189Z,Good (0x00000000)
2024-06-26T09:18:04.577Z,82.83000183105469,2024-06-26T09:18:04.591Z,2024-06-26T09:18:04.591Z,Good (0x00000000)
2024-06-26T09:19:04.593Z,82.83000183105469,2024-06-26T09:19:04.606Z,2024-06-26T09:19:04.606Z,Good (0x00000000)
2024-06-26T09:20:05.294Z,82.83000183105469,2024-06-26T09:20:05.309Z,2024-06-26T09:20:05.309Z,Good (0x00000000)
2024-06-26T09:21:04.524Z,82.91999816894531,2024-06-26T09:21:04.537Z,2024-06-26T09:21:04.537Z,Good (0x00000000)
2024-06-26T09:22:04.521Z,82.97000122070312,2024-06-26T09:22:04.537Z,2024-06-26T09:22:04.537Z,Good (0x00000000)
2024-06-26T09:23:04.815Z,82.97000122070312,2024-06-26T09:23:04.828Z,2024-06-26T09:23:04.828Z,Good (0x00000000)
2024-06-26T09:24:04.452Z,83.12000274658203,2024-06-26T09:24:04.464Z,2024-06-26T09:24:04.464Z,Good (0x00000000)
2024-06-26T09:25:04.809Z,83.23999786376953,2024-06-26T09:25:04.823Z,2024-06-26T09:25:04.823Z,Good (0x00000000)
2024-06-26T09:26:05.024Z,83.25,2024-06-26T09:26:05.038Z,2024-06-26T09:26:05.038Z,Good (0x00000000)
2024-06-26T09:27:04.141Z,83.38999938964844,2024-06-26T09:27:04.157Z,2024-06-26T09:27:04.156Z,Good (0x00000000)
2024-06-26T09:28:05.071Z,83.38999938964844,2024-06-26T09:28:05.084Z,2024-06-26T09:28:05.084Z,Good (0x00000000)
2024-06-26T09:29:04.273Z,83.4800033569336,2024-06-26T09:29:04.287Z,2024-06-26T09:29:04.287Z,Good (0x00000000)
2024-06-26T09:30:05.483Z,83.52999877929688,2024-06-26T09:30:05.497Z,2024-06-26T09:30:05.497Z,Good (0x00000000)
2024-06-26T09:31:04.127Z,83.69000244140625,2024-06-26T09:31:04.142Z,2024-06-26T09:31:04.142Z,Good (0x00000000)
2024-06-26T09:32:04.928Z,83.69000244140625,2024-06-26T09:32:04.941Z,2024-06-26T09:32:04.941Z,Good (0x00000000)
2024-06-26T09:33:04.766Z,83.83000183105469,2024-06-26T09:33:04.779Z,2024-06-26T09:33:04.779Z,Good (0x00000000)
2024-06-26T09:34:05.272Z,83.97000122070312,2024-06-26T09:34:05.284Z,2024-06-26T09:34:05.284Z,Good (0x00000000)
2024-06-26T09:35:05.056Z,83.97000122070312,2024-06-26T09:35:05.068Z,2024-06-26T09:35:05.068Z,Good (0x00000000)
2024-06-26T09:36:04.876Z,84.11000061035156,2024-06-26T09:36:04.889Z,2024-06-26T09:36:04.889Z,Good (0x00000000)
2024-06-26T09:37:04.350Z,84.25,2024-06-26T09:37:04.362Z,2024-06-26T09:37:04.362Z,Good (0x00000000)
2024-06-26T09:38:04.748Z,84.33999633789062,2024-06-26T09:38:04.760Z,2024-06-26T09:38:04.760Z,Good (0x00000000)
2024-06-26T09:39:05.105Z,84.38999938964844,2024-06-26T09:39:05.119Z,2024-06-26T09:39:05.119Z,Good (0x00000000)
2024-06-26T09:40:04.706Z,84.52999877929688,2024-06-26T09:40:04.718Z,2024-06-26T09:40:04.718Z,Good (0x00000000)
2024-06-26T09:41:04.959Z,84.66999816894531,2024-06-26T09:41:04.972Z,2024-06-26T09:41:04.972Z,Good (0x00000000)
2024-06-26T09:42:04.623Z,84.83000183105469,2024-06-26T09:42:04.635Z,2024-06-26T09:42:04.635Z,Good (0x00000000)
2024-06-26T09:43:04.659Z,84.88999938964844,2024-06-26T09:43:04.671Z,2024-06-26T09:43:04.671Z,Good (0x00000000)
2024-06-26T09:44:04.664Z,85.11000061035156,2024-06-26T09:44:04.677Z,2024-06-26T09:44:04.677Z,Good (0x00000000)
2024-06-26T09:45:05.087Z,85.11000061035156,2024-06-26T09:45:05.100Z,2024-06-26T09:45:05.100Z,Good (0x00000000)
2024-06-26T09:46:04.840Z,85.25,2024-06-26T09:46:04.853Z,2024-06-26T09:46:04.853Z,Good (0x00000000)
2024-06-26T09:47:04.634Z,85.41000366210938,2024-06-26T09:47:04.646Z,2024-06-26T09:47:04.646Z,Good (0x00000000)
2024-06-26T09:48:04.421Z,85.55000305175781,2024-06-26T09:48:04.434Z,2024-06-26T09:48:04.434Z,Good (0x00000000)
2024-06-26T09:49:04.997Z,85.69000244140625,2024-06-26T09:49:05.010Z,2024-06-26T09:49:05.010Z,Good (0x00000000)
2024-06-26T09:50:04.625Z,85.83999633789062,2024-06-26T09:50:04.639Z,2024-06-26T09:50:04.639Z,Good (0x00000000)
2024-06-26T09:51:04.782Z,85.83999633789062,2024-06-26T09:51:04.794Z,2024-06-26T09:51:04.794Z,Good (0x00000000)
2024-06-26T09:52:05.626Z,85.98999786376953,2024-06-26T09:52:05.639Z,2024-06-26T09:52:05.639Z,Good (0x00000000)
2024-06-26T09:53:04.834Z,86,2024-06-26T09:53:04.848Z,2024-06-26T09:53:04.848Z,Good (0x00000000)
2024-06-26T09:54:04.672Z,86,2024-06-26T09:54:04.686Z,2024-06-26T09:54:04.686Z,Good (0x00000000)
2024-06-26T09:55:04.616Z,86.13999938964844,2024-06-26T09:55:04.631Z,2024-06-26T09:55:04.631Z,Good (0x00000000)
2024-06-26T09:56:04.857Z,86.27999877929688,2024-06-26T09:56:04.873Z,2024-06-26T09:56:04.873Z,Good (0x00000000)
2024-06-26T09:57:04.622Z,86.27999877929688,2024-06-26T09:57:04.636Z,2024-06-26T09:57:04.636Z,Good (0x00000000)
2024-06-26T09:58:04.712Z,86.4000015258789,2024-06-26T09:58:04.726Z,2024-06-26T09:58:04.726Z,Good (0x00000000)
2024-06-26T09:59:04.679Z,86.44000244140625,2024-06-26T09:59:04.717Z,2024-06-26T09:59:04.717Z,Good (0x00000000)
2024-06-26T10:00:08.064Z,86.58999633789062,2024-06-26T10:00:08.081Z,2024-06-26T10:00:08.081Z,Good (0x00000000)
2024-06-26T10:01:05.568Z,86.58999633789062,2024-06-26T10:01:05.584Z,2024-06-26T10:01:05.584Z,Good (0x00000000)
2024-06-26T10:02:05.055Z,86.7300033569336,2024-06-26T10:02:05.069Z,2024-06-26T10:02:05.069Z,Good (0x00000000)
2024-06-26T10:03:04.156Z,86.87000274658203,2024-06-26T10:03:04.181Z,2024-06-26T10:03:04.181Z,Good (0x00000000)
2024-06-26T10:04:04.469Z,86.87000274658203,2024-06-26T10:04:04.485Z,2024-06-26T10:04:04.485Z,Good (0x00000000)
2024-06-26T10:05:04.559Z,87.02999877929688,2024-06-26T10:05:04.574Z,2024-06-26T10:05:04.574Z,Good (0x00000000)
2024-06-26T10:06:05.224Z,87.1500015258789,2024-06-26T10:06:05.240Z,2024-06-26T10:06:05.240Z,Good (0x00000000)
2024-06-26T10:07:04.558Z,87.19000244140625,2024-06-26T10:07:04.574Z,2024-06-26T10:07:04.574Z,Good (0x00000000)
2024-06-26T10:08:04.258Z,87.33000183105469,2024-06-26T10:08:04.273Z,2024-06-26T10:08:04.273Z,Good (0x00000000)
2024-06-26T10:09:04.485Z,87.33000183105469,2024-06-26T10:09:04.502Z,2024-06-26T10:09:04.501Z,Good (0x00000000)
2024-06-26T10:10:04.654Z,87.33000183105469,2024-06-26T10:10:04.669Z,2024-06-26T10:10:04.669Z,Good (0x00000000)
2024-06-26T10:11:05.080Z,87.33000183105469,2024-06-26T10:11:05.096Z,2024-06-26T10:11:05.096Z,Good (0x00000000)
2024-06-26T10:12:04.864Z,87.19000244140625,2024-06-26T10:12:04.886Z,2024-06-26T10:12:04.886Z,Good (0x00000000)
2024-06-26T10:13:05.521Z,87.19000244140625,2024-06-26T10:13:05.538Z,2024-06-26T10:13:05.537Z,Good (0x00000000)
2024-06-26T10:14:04.772Z,87.45999908447266,2024-06-26T10:14:04.788Z,2024-06-26T10:14:04.788Z,Good (0x00000000)
2024-06-26T10:15:04.784Z,87.62000274658203,2024-06-26T10:15:04.801Z,2024-06-26T10:15:04.801Z,Good (0x00000000)
2024-06-26T10:16:04.890Z,87.80000305175781,2024-06-26T10:16:04.905Z,2024-06-26T10:16:04.905Z,Good (0x00000000)
2024-06-26T10:17:04.836Z,87.94000244140625,2024-06-26T10:17:04.852Z,2024-06-26T10:17:04.852Z,Good (0x00000000)
2024-06-26T10:18:05.205Z,87.94999694824219,2024-06-26T10:18:05.222Z,2024-06-26T10:18:05.222Z,Good (0x00000000)
2024-06-26T10:19:04.576Z,88.08000183105469,2024-06-26T10:19:04.593Z,2024-06-26T10:19:04.593Z,Good (0x00000000)
2024-06-26T10:20:04.859Z,88.2300033569336,2024-06-26T10:20:04.876Z,2024-06-26T10:20:04.876Z,Good (0x00000000)
2024-06-26T10:21:04.747Z,88.48999786376953,2024-06-26T10:21:04.764Z,2024-06-26T10:21:04.764Z,Good (0x00000000)
2024-06-26T10:22:04.260Z,88.61000061035156,2024-06-26T10:22:04.277Z,2024-06-26T10:22:04.277Z,Good (0x00000000)
2024-06-26T10:23:04.750Z,88.69999694824219,2024-06-26T10:23:04.768Z,2024-06-26T10:23:04.768Z,Good (0x00000000)
2024-06-26T10:24:05.102Z,88.86000061035156,2024-06-26T10:24:05.118Z,2024-06-26T10:24:05.118Z,Good (0x00000000)
2024-06-26T10:25:04.660Z,88.86000061035156,2024-06-26T10:25:04.677Z,2024-06-26T10:25:04.677Z,Good (0x00000000)
2024-06-26T10:26:05.782Z,89.0199966430664,2024-06-26T10:26:05.803Z,2024-06-26T10:26:05.803Z,Good (0x00000000)
2024-06-26T10:27:04.847Z,89.16999816894531,2024-06-26T10:27:04.862Z,2024-06-26T10:27:04.862Z,Good (0x00000000)
2024-06-26T10:28:04.996Z,89.33000183105469,2024-06-26T10:28:05.011Z,2024-06-26T10:28:05.011Z,Good (0x00000000)
2024-06-26T10:29:04.706Z,89.33000183105469,2024-06-26T10:29:04.722Z,2024-06-26T10:29:04.722Z,Good (0x00000000)
2024-06-26T10:30:04.984Z,89.4800033569336,2024-06-26T10:30:04.999Z,2024-06-26T10:30:04.999Z,Good (0x00000000)
2024-06-26T10:31:04.629Z,89.4800033569336,2024-06-26T10:31:04.646Z,2024-06-26T10:31:04.646Z,Good (0x00000000)
2024-06-26T10:32:04.634Z,89.63999938964844,2024-06-26T10:32:04.649Z,2024-06-26T10:32:04.649Z,Good (0x00000000)
2024-06-26T10:33:04.578Z,89.69999694824219,2024-06-26T10:33:04.593Z,2024-06-26T10:33:04.593Z,Good (0x00000000)
2024-06-26T10:34:04.866Z,89.80000305175781,2024-06-26T10:34:04.882Z,2024-06-26T10:34:04.882Z,Good (0x00000000)
2024-06-26T10:35:04.965Z,89.87000274658203,2024-06-26T10:35:04.981Z,2024-06-26T10:35:04.981Z,Good (0x00000000)
2024-06-26T10:36:04.924Z,89.94999694824219,2024-06-26T10:36:04.940Z,2024-06-26T10:36:04.940Z,Good (0x00000000)
2024-06-26T10:37:04.427Z,89.94999694824219,2024-06-26T10:37:04.441Z,2024-06-26T10:37:04.441Z,Good (0x00000000)
2024-06-26T10:38:04.486Z,90.06999969482422,2024-06-26T10:38:04.502Z,2024-06-26T10:38:04.502Z,Good (0x00000000)
2024-06-26T10:39:05.071Z,90.11000061035156,2024-06-26T10:39:05.086Z,2024-06-26T10:39:05.086Z,Good (0x00000000)
2024-06-26T10:40:05.237Z,90.2699966430664,2024-06-26T10:40:05.253Z,2024-06-26T10:40:05.253Z,Good (0x00000000)
2024-06-26T10:41:04.725Z,90.2699966430664,2024-06-26T10:41:04.741Z,2024-06-26T10:41:04.741Z,Good (0x00000000)
2024-06-26T10:42:05.472Z,90.41999816894531,2024-06-26T10:42:05.488Z,2024-06-26T10:42:05.488Z,Good (0x00000000)
2024-06-26T10:43:04.707Z,90.41999816894531,2024-06-26T10:43:04.721Z,2024-06-26T10:43:04.721Z,Good (0x00000000)
2024-06-26T10:44:04.696Z,90.41999816894531,2024-06-26T10:44:04.711Z,2024-06-26T10:44:04.711Z,Good (0x00000000)
2024-06-26T10:45:05.309Z,90.58000183105469,2024-06-26T10:45:05.324Z,2024-06-26T10:45:05.324Z,Good (0x00000000)
2024-06-26T10:46:04.902Z,90.58000183105469,2024-06-26T10:46:04.919Z,2024-06-26T10:46:04.919Z,Good (0x00000000)
2024-06-26T10:47:04.868Z,90.58000183105469,2024-06-26T10:47:04.882Z,2024-06-26T10:47:04.882Z,Good (0x00000000)
2024-06-26T10:48:04.530Z,90.7300033569336,2024-06-26T10:48:04.546Z,2024-06-26T10:48:04.546Z,Good (0x00000000)
2024-06-26T10:49:04.596Z,90.9000015258789,2024-06-26T10:49:04.612Z,2024-06-26T10:49:04.612Z,Good (0x00000000)
2024-06-26T10:50:05.177Z,90.91000366210938,2024-06-26T10:50:05.193Z,2024-06-26T10:50:05.193Z,Good (0x00000000)
2024-06-26T10:51:04.593Z,91.05999755859375,2024-06-26T10:51:04.609Z,2024-06-26T10:51:04.609Z,Good (0x00000000)
2024-06-26T10:52:05.558Z,91.05999755859375,2024-06-26T10:52:05.574Z,2024-06-26T10:52:05.574Z,Good (0x00000000)
2024-06-26T10:53:05.635Z,91.22000122070312,2024-06-26T10:53:05.651Z,2024-06-26T10:53:05.651Z,Good (0x00000000)
2024-06-26T10:54:04.897Z,91.22000122070312,2024-06-26T10:54:04.913Z,2024-06-26T10:54:04.912Z,Good (0x00000000)
2024-06-26T10:55:04.620Z,91.38999938964844,2024-06-26T10:55:04.636Z,2024-06-26T10:55:04.636Z,Good (0x00000000)
2024-06-26T10:56:04.736Z,91.55999755859375,2024-06-26T10:56:04.754Z,2024-06-26T10:56:04.754Z,Good (0x00000000)
2024-06-26T10:57:04.642Z,91.55999755859375,2024-06-26T10:57:04.656Z,2024-06-26T10:57:04.656Z,Good (0x00000000)
2024-06-26T10:58:04.275Z,91.55999755859375,2024-06-26T10:58:04.292Z,2024-06-26T10:58:04.291Z,Good (0x00000000)
2024-06-26T10:59:04.451Z,91.55999755859375,2024-06-26T10:59:04.466Z,2024-06-26T10:59:04.466Z,Good (0x00000000)
2024-06-26T11:00:07.154Z,91.55999755859375,2024-06-26T11:00:07.173Z,2024-06-26T11:00:07.173Z,Good (0x00000000)
2024-06-26T11:01:05.130Z,91.72000122070312,2024-06-26T11:01:05.146Z,2024-06-26T11:01:05.146Z,Good (0x00000000)
2024-06-26T11:02:04.613Z,91.87000274658203,2024-06-26T11:02:04.627Z,2024-06-26T11:02:04.627Z,Good (0x00000000)
2024-06-26T11:03:04.610Z,92.05000305175781,2024-06-26T11:03:04.624Z,2024-06-26T11:03:04.624Z,Good (0x00000000)
2024-06-26T11:04:04.566Z,92.05000305175781,2024-06-26T11:04:04.579Z,2024-06-26T11:04:04.579Z,Good (0x00000000)
2024-06-26T11:05:04.988Z,92.22000122070312,2024-06-26T11:05:05.003Z,2024-06-26T11:05:05.003Z,Good (0x00000000)
2024-06-26T11:06:06.053Z,92.37000274658203,2024-06-26T11:06:06.066Z,2024-06-26T11:06:06.066Z,Good (0x00000000)
2024-06-26T11:07:04.417Z,92.22000122070312,2024-06-26T11:07:04.432Z,2024-06-26T11:07:04.432Z,Good (0x00000000)
2024-06-26T11:08:04.692Z,91.63999938964844,2024-06-26T11:08:04.705Z,2024-06-26T11:08:04.705Z,Good (0x00000000)
2024-06-26T11:09:04.673Z,91.05999755859375,2024-06-26T11:09:04.690Z,2024-06-26T11:09:04.690Z,Good (0x00000000)
2024-06-26T11:10:04.845Z,90.41999816894531,2024-06-26T11:10:04.860Z,2024-06-26T11:10:04.860Z,Good (0x00000000)
2024-06-26T11:11:04.795Z,89.68000030517578,2024-06-26T11:11:04.809Z,2024-06-26T11:11:04.809Z,Good (0x00000000)
2024-06-26T11:12:05.384Z,89.0199966430664,2024-06-26T11:12:05.401Z,2024-06-26T11:12:05.401Z,Good (0x00000000)
2024-06-26T11:13:04.613Z,88.23999786376953,2024-06-26T11:13:04.626Z,2024-06-26T11:13:04.626Z,Good (0x00000000)
2024-06-26T11:14:04.595Z,87.62999725341797,2024-06-26T11:14:04.611Z,2024-06-26T11:14:04.611Z,Good (0x00000000)
2024-06-26T11:15:05.003Z,86.87999725341797,2024-06-26T11:15:05.019Z,2024-06-26T11:15:05.019Z,Good (0x00000000)
2024-06-26T11:16:04.412Z,86.27999877929688,2024-06-26T11:16:04.427Z,2024-06-26T11:16:04.427Z,Good (0x00000000)
2024-06-26T11:17:04.916Z,85.55000305175781,2024-06-26T11:17:04.930Z,2024-06-26T11:17:04.930Z,Good (0x00000000)
2024-06-26T11:18:04.730Z,84.97000122070312,2024-06-26T11:18:04.744Z,2024-06-26T11:18:04.744Z,Good (0x00000000)
2024-06-26T11:19:04.433Z,84.2699966430664,2024-06-26T11:19:04.447Z,2024-06-26T11:19:04.447Z,Good (0x00000000)
2024-06-26T11:20:04.854Z,83.69000244140625,2024-06-26T11:20:04.867Z,2024-06-26T11:20:04.867Z,Good (0x00000000)
2024-06-26T11:21:04.832Z,83.12999725341797,2024-06-26T11:21:04.846Z,2024-06-26T11:21:04.846Z,Good (0x00000000)
2024-06-26T11:22:04.895Z,82.56999969482422,2024-06-26T11:22:04.909Z,2024-06-26T11:22:04.909Z,Good (0x00000000)
2024-06-26T11:23:04.394Z,82.13999938964844,2024-06-26T11:23:04.411Z,2024-06-26T11:23:04.411Z,Good (0x00000000)
2024-06-26T11:24:04.325Z,81.58999633789062,2024-06-26T11:24:04.339Z,2024-06-26T11:24:04.339Z,Good (0x00000000)
2024-06-26T11:25:04.641Z,81.16999816894531,2024-06-26T11:25:04.654Z,2024-06-26T11:25:04.654Z,Good (0x00000000)
2024-06-26T11:26:05.239Z,80.77999877929688,2024-06-26T11:26:05.253Z,2024-06-26T11:26:05.253Z,Good (0x00000000)
2024-06-26T11:27:04.923Z,80.38999938964844,2024-06-26T11:27:04.936Z,2024-06-26T11:27:04.936Z,Good (0x00000000)
2024-06-26T11:28:04.835Z,79.97000122070312,2024-06-26T11:28:04.849Z,2024-06-26T11:28:04.849Z,Good (0x00000000)
2024-06-26T11:29:04.265Z,79.55999755859375,2024-06-26T11:29:04.279Z,2024-06-26T11:29:04.279Z,Good (0x00000000)
2024-06-26T11:30:05.047Z,79.23999786376953,2024-06-26T11:30:05.061Z,2024-06-26T11:30:05.061Z,Good (0x00000000)
2024-06-26T11:31:04.520Z,78.91999816894531,2024-06-26T11:31:04.534Z,2024-06-26T11:31:04.534Z,Good (0x00000000)
2024-06-26T11:32:04.786Z,78.5199966430664,2024-06-26T11:32:04.800Z,2024-06-26T11:32:04.800Z,Good (0x00000000)
2024-06-26T11:33:04.896Z,78.12999725341797,2024-06-26T11:33:04.917Z,2024-06-26T11:33:04.917Z,Good (0x00000000)
2024-06-26T11:34:03.972Z,77.87999725341797,2024-06-26T11:34:03.984Z,2024-06-26T11:34:03.984Z,Good (0x00000000)
2024-06-26T11:35:04.915Z,77.4800033569336,2024-06-26T11:35:04.927Z,2024-06-26T11:35:04.927Z,Good (0x00000000)
2024-06-26T11:36:04.559Z,77.08999633789062,2024-06-26T11:36:04.572Z,2024-06-26T11:36:04.572Z,Good (0x00000000)
2024-06-26T11:37:04.947Z,76.83999633789062,2024-06-26T11:37:04.959Z,2024-06-26T11:37:04.959Z,Good (0x00000000)
2024-06-26T11:38:04.437Z,76.47000122070312,2024-06-26T11:38:04.452Z,2024-06-26T11:38:04.452Z,Good (0x00000000)
2024-06-26T11:39:04.759Z,76.0999984741211,2024-06-26T11:39:04.775Z,2024-06-26T11:39:04.775Z,Good (0x00000000)
2024-06-26T11:40:05.119Z,75.83000183105469,2024-06-26T11:40:05.132Z,2024-06-26T11:40:05.132Z,Good (0x00000000)
2024-06-26T11:41:04.677Z,75.44999694824219,2024-06-26T11:41:04.690Z,2024-06-26T11:41:04.690Z,Good (0x00000000)
2024-06-26T11:42:05.420Z,75.22000122070312,2024-06-26T11:42:05.433Z,2024-06-26T11:42:05.433Z,Good (0x00000000)
2024-06-26T11:43:04.149Z,74.83999633789062,2024-06-26T11:43:04.162Z,2024-06-26T11:43:04.162Z,Good (0x00000000)
2024-06-26T11:44:04.386Z,74.58999633789062,2024-06-26T11:44:04.399Z,2024-06-26T11:44:04.399Z,Good (0x00000000)
2024-06-26T11:45:04.469Z,74.22000122070312,2024-06-26T11:45:04.482Z,2024-06-26T11:45:04.482Z,Good (0x00000000)
2024-06-26T11:46:04.957Z,73.97000122070312,2024-06-26T11:46:04.970Z,2024-06-26T11:46:04.970Z,Good (0x00000000)
2024-06-26T11:47:04.660Z,73.63999938964844,2024-06-26T11:47:04.673Z,2024-06-26T11:47:04.673Z,Good (0x00000000)
2024-06-26T11:48:04.327Z,73.36000061035156,2024-06-26T11:48:04.340Z,2024-06-26T11:48:04.340Z,Good (0x00000000)
2024-06-26T11:49:04.840Z,73.11000061035156,2024-06-26T11:49:04.853Z,2024-06-26T11:49:04.853Z,Good (0x00000000)
2024-06-26T11:50:05.319Z,72.7699966430664,2024-06-26T11:50:05.332Z,2024-06-26T11:50:05.332Z,Good (0x00000000)
2024-06-26T11:51:04.378Z,72.5,2024-06-26T11:51:04.392Z,2024-06-26T11:51:04.392Z,Good (0x00000000)
2024-06-26T11:52:05.352Z,72.27999877929688,2024-06-26T11:52:05.364Z,2024-06-26T11:52:05.364Z,Good (0x00000000)
2024-06-26T11:53:04.700Z,72.02999877929688,2024-06-26T11:53:04.713Z,2024-06-26T11:53:04.713Z,Good (0x00000000)
2024-06-26T11:54:04.554Z,71.66999816894531,2024-06-26T11:54:04.567Z,2024-06-26T11:54:04.567Z,Good (0x00000000)
2024-06-26T11:55:04.773Z,71.44000244140625,2024-06-26T11:55:04.787Z,2024-06-26T11:55:04.787Z,Good (0x00000000)
2024-06-26T11:56:04.655Z,71.19999694824219,2024-06-26T11:56:04.668Z,2024-06-26T11:56:04.668Z,Good (0x00000000)
2024-06-26T11:57:04.729Z,70.97000122070312,2024-06-26T11:57:04.741Z,2024-06-26T11:57:04.741Z,Good (0x00000000)
2024-06-26T11:58:04.593Z,70.72000122070312,2024-06-26T11:58:04.606Z,2024-06-26T11:58:04.606Z,Good (0x00000000)
2024-06-26T11:59:04.687Z,70.4800033569336,2024-06-26T11:59:04.700Z,2024-06-26T11:59:04.700Z,Good (0x00000000)
2024-06-26T12:00:07.238Z,70.25,2024-06-26T12:00:07.251Z,2024-06-26T12:00:07.251Z,Good (0x00000000)
2024-06-26T12:01:05.161Z,70.0199966430664,2024-06-26T12:01:05.176Z,2024-06-26T12:01:05.176Z,Good (0x00000000)
2024-06-26T12:02:04.115Z,69.77999877929688,2024-06-26T12:02:04.128Z,2024-06-26T12:02:04.128Z,Good (0x00000000)
2024-06-26T12:03:04.953Z,69.55000305175781,2024-06-26T12:03:04.966Z,2024-06-26T12:03:04.966Z,Good (0x00000000)
2024-06-26T12:04:03.943Z,69.30999755859375,2024-06-26T12:04:03.956Z,2024-06-26T12:04:03.956Z,Good (0x00000000)
2024-06-26T12:05:05.146Z,69.08999633789062,2024-06-26T12:05:05.158Z,2024-06-26T12:05:05.158Z,Good (0x00000000)
2024-06-26T12:06:05.323Z,68.86000061035156,2024-06-26T12:06:05.336Z,2024-06-26T12:06:05.336Z,Good (0x00000000)
2024-06-26T12:07:04.582Z,68.7300033569336,2024-06-26T12:07:04.595Z,2024-06-26T12:07:04.595Z,Good (0x00000000)
2024-06-26T12:08:04.558Z,68.5199966430664,2024-06-26T12:08:04.572Z,2024-06-26T12:08:04.572Z,Good (0x00000000)
2024-06-26T12:09:04.595Z,68.2699966430664,2024-06-26T12:09:04.613Z,2024-06-26T12:09:04.613Z,Good (0x00000000)
2024-06-26T12:10:04.769Z,68.12999725341797,2024-06-26T12:10:04.786Z,2024-06-26T12:10:04.786Z,Good (0x00000000)
2024-06-26T12:11:04.701Z,67.91999816894531,2024-06-26T12:11:04.715Z,2024-06-26T12:11:04.715Z,Good (0x00000000)
2024-06-26T12:12:04.825Z,67.7300033569336,2024-06-26T12:12:04.841Z,2024-06-26T12:12:04.841Z,Good (0x00000000)
2024-06-26T12:13:04.979Z,67.58999633789062,2024-06-26T12:13:04.994Z,2024-06-26T12:13:04.994Z,Good (0x00000000)
2024-06-26T12:14:04.685Z,67.36000061035156,2024-06-26T12:14:04.699Z,2024-06-26T12:14:04.699Z,Good (0x00000000)
2024-06-26T12:15:04.114Z,67.25,2024-06-26T12:15:04.128Z,2024-06-26T12:15:04.128Z,Good (0x00000000)
2024-06-26T12:16:04.908Z,67.0199966430664,2024-06-26T12:16:04.923Z,2024-06-26T12:16:04.923Z,Good (0x00000000)
2024-06-26T12:17:04.507Z,66.91000366210938,2024-06-26T12:17:04.520Z,2024-06-26T12:17:04.520Z,Good (0x00000000)
2024-06-26T12:18:04.297Z,66.69000244140625,2024-06-26T12:18:04.310Z,2024-06-26T12:18:04.310Z,Good (0x00000000)
2024-06-26T12:19:04.606Z,66.55999755859375,2024-06-26T12:19:04.619Z,2024-06-26T12:19:04.619Z,Good (0x00000000)
2024-06-26T12:20:05.015Z,66.33999633789062,2024-06-26T12:20:05.029Z,2024-06-26T12:20:05.029Z,Good (0x00000000)
2024-06-26T12:21:04.376Z,66.2300033569336,2024-06-26T12:21:04.389Z,2024-06-26T12:21:04.389Z,Good (0x00000000)
2024-06-26T12:22:04.726Z,66.11000061035156,2024-06-26T12:22:04.739Z,2024-06-26T12:22:04.739Z,Good (0x00000000)
2024-06-26T12:23:04.424Z,66,2024-06-26T12:23:04.437Z,2024-06-26T12:23:04.437Z,Good (0x00000000)
2024-06-26T12:24:04.683Z,65.88999938964844,2024-06-26T12:24:04.696Z,2024-06-26T12:24:04.696Z,Good (0x00000000)
2024-06-26T12:25:04.966Z,65.88999938964844,2024-06-26T12:25:04.981Z,2024-06-26T12:25:04.980Z,Good (0x00000000)
2024-06-26T12:26:05.417Z,65.77999877929688,2024-06-26T12:26:05.431Z,2024-06-26T12:26:05.431Z,Good (0x00000000)
2024-06-26T12:27:05.016Z,65.77999877929688,2024-06-26T12:27:05.030Z,2024-06-26T12:27:05.030Z,Good (0x00000000)
2024-06-26T12:28:04.648Z,65.80000305175781,2024-06-26T12:28:04.661Z,2024-06-26T12:28:04.661Z,Good (0x00000000)
2024-06-26T12:29:04.453Z,65.88999938964844,2024-06-26T12:29:04.469Z,2024-06-26T12:29:04.469Z,Good (0x00000000)
2024-06-26T12:30:05.429Z,66.11000061035156,2024-06-26T12:30:05.444Z,2024-06-26T12:30:05.444Z,Good (0x00000000)
2024-06-26T12:31:05.002Z,66.33999633789062,2024-06-26T12:31:05.016Z,2024-06-26T12:31:05.016Z,Good (0x00000000)
2024-06-26T12:32:04.876Z,66.58000183105469,2024-06-26T12:32:04.890Z,2024-06-26T12:32:04.890Z,Good (0x00000000)
2024-06-26T12:33:04.231Z,66.91000366210938,2024-06-26T12:33:04.245Z,2024-06-26T12:33:04.245Z,Good (0x00000000)
2024-06-26T12:34:04.541Z,67.36000061035156,2024-06-26T12:34:04.557Z,2024-06-26T12:34:04.557Z,Good (0x00000000)
2024-06-26T12:35:04.693Z,67.77999877929688,2024-06-26T12:35:04.707Z,2024-06-26T12:35:04.707Z,Good (0x00000000)
2024-06-26T12:36:04.989Z,68.16000366210938,2024-06-26T12:36:05.004Z,2024-06-26T12:36:05.004Z,Good (0x00000000)
2024-06-26T12:37:04.426Z,68.62000274658203,2024-06-26T12:37:04.442Z,2024-06-26T12:37:04.442Z,Good (0x00000000)
2024-06-26T12:38:05.242Z,68.9800033569336,2024-06-26T12:38:05.257Z,2024-06-26T12:38:05.257Z,Good (0x00000000)
2024-06-26T12:39:05.190Z,69.30999755859375,2024-06-26T12:39:05.203Z,2024-06-26T12:39:05.203Z,Good (0x00000000)
2024-06-26T12:40:04.409Z,69.66000366210938,2024-06-26T12:40:04.431Z,2024-06-26T12:40:04.431Z,Good (0x00000000)
2024-06-26T12:41:05.136Z,69.91000366210938,2024-06-26T12:41:05.151Z,2024-06-26T12:41:05.151Z,Good (0x00000000)
2024-06-26T12:42:05.205Z,70.12000274658203,2024-06-26T12:42:05.232Z,2024-06-26T12:42:05.232Z,Good (0x00000000)
2024-06-26T12:43:04.602Z,70.25,2024-06-26T12:43:04.618Z,2024-06-26T12:43:04.618Z,Good (0x00000000)
2024-06-26T12:44:04.811Z,70.37000274658203,2024-06-26T12:44:04.824Z,2024-06-26T12:44:04.824Z,Good (0x00000000)
2024-06-26T12:45:04.953Z,70.37000274658203,2024-06-26T12:45:04.969Z,2024-06-26T12:45:04.969Z,Good (0x00000000)
2024-06-26T12:46:04.518Z,70.37000274658203,2024-06-26T12:46:04.532Z,2024-06-26T12:46:04.532Z,Good (0x00000000)
2024-06-26T12:47:04.600Z,70.37000274658203,2024-06-26T12:47:04.614Z,2024-06-26T12:47:04.614Z,Good (0x00000000)
2024-06-26T12:48:04.561Z,70.37000274658203,2024-06-26T12:48:04.574Z,2024-06-26T12:48:04.574Z,Good (0x00000000)
2024-06-26T12:49:04.653Z,70.25,2024-06-26T12:49:04.666Z,2024-06-26T12:49:04.666Z,Good (0x00000000)
2024-06-26T12:50:04.709Z,70.0999984741211,2024-06-26T12:50:04.723Z,2024-06-26T12:50:04.723Z,Good (0x00000000)
2024-06-26T12:51:04.790Z,69.91000366210938,2024-06-26T12:51:04.803Z,2024-06-26T12:51:04.803Z,Good (0x00000000)
2024-06-26T12:52:05.148Z,69.66000366210938,2024-06-26T12:52:05.161Z,2024-06-26T12:52:05.161Z,Good (0x00000000)
2024-06-26T12:53:04.508Z,69.44000244140625,2024-06-26T12:53:04.522Z,2024-06-26T12:53:04.522Z,Good (0x00000000)
2024-06-26T12:54:04.260Z,69.19999694824219,2024-06-26T12:54:04.273Z,2024-06-26T12:54:04.273Z,Good (0x00000000)
2024-06-26T12:55:04.801Z,68.86000061035156,2024-06-26T12:55:04.814Z,2024-06-26T12:55:04.814Z,Good (0x00000000)
2024-06-26T12:56:04.896Z,68.62999725341797,2024-06-26T12:56:04.910Z,2024-06-26T12:56:04.910Z,Good (0x00000000)
2024-06-26T12:57:04.694Z,68.2699966430664,2024-06-26T12:57:04.706Z,2024-06-26T12:57:04.706Z,Good (0x00000000)
2024-06-26T12:58:04.440Z,68.05000305175781,2024-06-26T12:58:04.454Z,2024-06-26T12:58:04.454Z,Good (0x00000000)
2024-06-26T12:59:05.067Z,67.77999877929688,2024-06-26T12:59:05.081Z,2024-06-26T12:59:05.081Z,Good (0x00000000)
2024-06-26T13:00:07.006Z,67.47000122070312,2024-06-26T13:00:07.019Z,2024-06-26T13:00:07.019Z,Good (0x00000000)
